0.023347183213384196,0.8813460799077145,0.005864298957731643,0.07423520719555306,0.0
0.31470074928062153,0.5118217978595481,0.08831101615355119,0.0706759076643976,-0.0
0.0,0.0,0.0,0.0,2.82989725481961e-25
0.029291410405531706,0.023406523379216948,0.9131435970170937,0.028292223451234975,-0.0
0.053911923570850784,0.024345587812749907,0.8861328604051917,0.029502963514476906,0.0
0.00787666814054933,0.03519228604171059,0.9233523939170404,0.02780849955118836,0.0
0.04179559884826231,0.02202215371349039,0.9013900752834711,0.028820982088954682,-0.0
0.03002621092639926,0.057495324638219186,0.8764227151527912,0.02987517844460095,0.0
0.0008276744475216371,0.0438900223926775,0.9216330982079554,0.027867412597383068,0.0
0.030126735244793833,0.020426270608008407,0.9153951289492558,0.028203151520183434,0.0
0.011566940741746875,0.06083423078636907,0.8924231007026748,0.029141186874484738,0.0
0.05308154420842974,0.010141991026113337,0.9019706784656292,0.02883204729431254,0.0
0.021629611182691445,0.029606663411228862,0.9147043133840694,0.028209594043004948,0.0
0.022276784559423557,0.06366079134427315,0.8781310138035386,0.029771753027234577,0.0
0.008068001074745396,0.03663322891300615,0.9216206660058128,0.02789133672671597,0.0
0.03185274779086334,0.0408478385600257,0.8920450239966542,0.02920659429213721,0.0
0.05807729514748518,0.03897143721904102,0.8662819992017435,0.030386564040381106,-0.0
0.07771826527224546,0.007995629972815959,0.8781812073662192,0.02991564698439808,0.0
0.17304486079312015,0.6381928270115536,0.10578612401831304,0.06887200227281268,0.0
0.035700056324124846,0.0038084580405841183,0.9270167855737484,0.02772138897425894,0.0
0.3181167320472119,0.5431480801862029,0.05122474881399877,0.0726292890164621,0.0
0.019321711066228854,0.0388588558944525,0.9073896168700029,0.02851868742175361,0.0
0.7380705392458572,0.1351640428814481,0.03621295101414311,0.07514513713337471,-0.0
0.627641932770902,0.19353668900228574,0.09290112696913308,0.07130653091019991,0.0
0.0,0.0,0.0,0.0,2.82989725481961e-25
0.66922263781904,0.19941252390911476,0.04152584175678922,0.07455466667566614,-0.0
0.06973359335128224,0.013408101667201138,0.880918519250419,0.0297779947872254,0.0
0.02153274719341482,0.06627550638392593,0.8761592676722512,0.029856056351637395,0.0
0.01198451852584476,0.032789264421254564,0.9215403359537976,0.02789790364458274,0.0
0.0,0.0,0.0,0.0,2.82989725481961e-25
0.024663806857749423,0.04004890400762972,0.9004975860208528,0.02881908715486593,-0.0
0.01716859247902209,0.04764457527851876,0.9003926413342114,0.028822580209432708,0.0
0.021095084893002877,0.02796091147426382,0.917000125871291,0.028113126622695408,0.0
0.022350932668611583,0.04256536147549128,0.900280328037796,0.028830375314892014,-0.0
0.0,0.0,0.0,0.0,2.82989725481961e-25
0.05186438793343207,0.02302564825770908,0.889666185832278,0.029364250974275904,0.0
0.039921319847671916,0.05867403548635948,0.8647119807792955,0.030406357517465583,-0.0
0.0350416762913221,0.02492056406701872,0.9054702928036092,0.028633481640554917,-0.0
0.04048749710360885,0.01854679713057284,0.9064310400410588,0.028606039248761806,0.0
0.05653257548072549,0.024932867949981462,0.8827236527059223,0.029670569589183914,0.0
0.0,0.0,0.0,0.0,2.82989725481961e-25
0.0,0.0,0.0,0.0,2.82989725481961e-25
0.01918381283442603,0.05032597342399044,0.8954615492920832,0.029018603751303242,-0.0
0.01304371635901657,0.03162754142171456,0.9216450818707583,0.027896037431158354,-0.0
0.004097827559496377,0.0365332595142275,0.9259291056406458,0.027692603240557237,-0.0
0.019338596951397974,0.026456613526525005,0.9204425901712499,0.02796153257275884,0.0
0.0326664563901153,0.05878808102668008,0.8722668295008514,0.030061082197159538,0.0
0.02857845479023337,0.040143461916905994,0.8962301419508916,0.029034078141558995,0.0
0.05053227216355159,0.006930026043856754,0.9080558060146047,0.028561870716204408,0.0
0.027613783245663763,0.020859507251699924,0.9175987808979924,0.028099810029491242,0.0
0.012342694527745182,0.04531914821827564,0.9079763947380661,0.028462255930951582,0.0
0.01603532182110378,0.07539396386447009,0.8723612457588493,0.030003823538400504,0.0
0.05430915290938946,0.024793999253614526,0.8852349032053571,0.02954652847276367,0.0
0.6177045380353697,0.2792718973761695,0.01118756625820503,0.07621089642302592,0.0
0.020140852932870764,0.039982234486717304,0.9053397023630009,0.02860829770253351,0.0
0.007969057191289432,0.07531771670956616,0.8809569048342979,0.029625630603177088,0.0
0.024987249575492962,0.027131793295108373,0.913766404178361,0.028255614779071007,0.0
0.0478108689853981,0.04088984562501881,0.8751397582174366,0.029961799038719046,0.0
0.058294060540585196,0.026802552487367664,0.8788875364775957,0.02984150306360913,0.0
0.015826410485163415,0.02376293212195031,0.926992519883254,0.02767440690792657,0.0
0.03880716862514168,0.006278794666363463,0.9211326431314815,0.02797736507950281,0.0
0.0254190437763731,0.040298636115053715,0.8994360394628975,0.028866291140188606,0.0
0.048813078830883774,0.030202561235787753,0.885334276017335,0.029536541687697745,0.0
0.04651036604995116,0.011742760415822888,0.9072300358862666,0.028591005378547925,0.0
0.007744966822541332,0.06548265774107408,0.8915716299936882,0.0291622269474183,0.0
0.007106646548482812,0.04825257995222199,0.9103940646100702,0.02836592077074827,0.0
0.012405584435353386,0.03405014014404299,0.9197667144547386,0.02797441615835419,0.0
0.011918856651196021,0.03005497013474559,0.9244938823709158,0.02776975758423147,0.0
0.023419644630855836,0.020636336717548307,0.9222657478068773,0.027891482020600034,0.0
0.03450018050704165,0.02183236871984177,0.9093163311114426,0.028453228447685566,-0.0
0.04036090694339964,0.03648033445762966,0.887653895627255,0.029415490064791175,-0.0
0.7255236679610143,0.143720944310602,0.040585105563744416,0.07482853003932098,-0.0
0.056327298131568636,0.0019798927150689533,0.907147339921905,0.028614854513809546,0.0
0.0,0.0,0.0,0.0,2.82989725481961e-25
0.05313947951515117,0.011055695853161292,0.9009462083317905,0.028876128772101498,0.0
0.025425951210887206,0.019414428077284437,0.9214199586267396,0.02794250249162669,0.0
0.03200763982312886,0.06800691716391248,0.8632632861580499,0.030431419528077076,0.0
0.044459558974219465,0.004337866312030145,0.9172076183450368,0.028155589363550032,0.0
0.055963213806159116,0.02435450129895243,0.8839415214946155,0.029612150379960664,0.0
0.004906702413615122,0.06240233015410718,0.8978201705967457,0.02888695618600285,0.0
0.0306919134059715,0.011919956761043819,0.9237639048432079,0.02784627217869675,0.0
0.024922657943099846,0.019357954536849103,0.9220242389372745,0.027905548373734976,0.0
0.006875094113977807,0.05242661565417496,0.9062490558322245,0.02853507594867681,0.0
0.05543745623745779,0.012178705842607995,0.8973430075863166,0.029028300067878838,0.0
0.0,0.0,0.0,0.0,2.82989725481961e-25
0.05941817761029062,0.035247022320352595,0.8688106016422772,0.030265834334760218,0.0
0.058893458964080304,0.013046034141044202,0.8927642079198489,0.02924126124134809,0.0
0.05140206190778953,0.0158472134672183,0.8977317625442315,0.029009938976235772,0.0
0.0022897357620640995,0.08842115911409783,0.8731451251521221,0.029949089970367784,0.0
0.36856216657699603,0.48607070344525505,0.05812364687682777,0.07240724136000469,0.0
0.30088639784450355,0.5406808770373974,0.07253073978070375,0.07129602252749363,0.0
0.03316621493602759,0.023402788046112438,0.9090450629165331,0.028481902453878313,0.0
0.01394919022549708,0.03042397897349055,0.9219564088328822,0.027884978003573833,-0.0
0.022931856958981155,0.05168973222340457,0.8900469146328369,0.029271023411614795,-0.0
0.026762016165693514,0.015024215438555333,0.9246355232148205,0.027807786497154995,0.0
0.207620298612322,0.6333899549153478,0.07358290845183009,0.07088683204347589,0.0
0.002864922437307806,0.04250664657286397,0.9209380217138219,0.027901781874320405,0.0
0.07438579444602499,0.0050514460802616205,0.8848235341118676,0.029610824924483747,0.0
0.01873224861606272,0.023985902453264082,0.9236857757915625,0.02782287120689416,0.0
0.025226934112195128,0.01288396332966445,0.9285230308643254,0.02763086425589031,0.0
0.039598614871723024,0.00491737282260044,0.9217281919738248,0.027955973063791672,-0.0
0.07862166366527508,0.001138186713108018,0.8844573646730205,0.02964691892204171,0.0
0.05184338434871826,0.03250697903829195,0.8796994024836245,0.029786912002610983,0.0
0.01561842514006272,0.8885253614995929,0.0064961435101453776,0.07416705293308307,0.0
0.0,0.0,0.0,0.0,2.82989725481961e-25
0.013246642948889678,0.06159786547650001,0.8898496202949453,0.029249872328838144,0.0
0.03367845837186111,0.018639826912425255,0.913520503392655,0.02829431590961529,0.0
0.018614630418869283,0.026833891254651084,0.9208140162431413,0.027940952643288518,0.0
0.0041407649997336395,0.08107248144135915,0.8789370525543672,0.029703572935568016,0.0
0.06652884723332318,0.019213160179854458,0.8782008858450355,0.02987613172404225,0.0
0.03190794735389808,0.018243631605561788,0.9158078282280816,0.02819365068381977,0.0
0.011272710594614307,0.04815435713470792,0.9061035666521722,0.028551827865651223,0.0
0.1439795588011911,0.7191189480690364,0.05010333577715274,0.07204124741860563,0.0
0.03612204114392515,0.007759665899914811,0.9224070581930461,0.0279187986668436,-0.0
0.0442343106789702,0.021526577761788214,0.8993269579070411,0.02892096008058111,0.0
0.03495211779296849,0.001873927026094477,0.9298476986287091,0.02759753005617852,0.0
0.05899178414852961,0.03610450345043235,0.8683434958484877,0.03029566766572335,0.0
0.014384672851548031,0.06193767574314533,0.888280358238973,0.029326019582554295,0.0
0.022453203512367532,0.04705295010965063,0.8954531138997636,0.029028603110971024,0.0
0.008931552291313113,0.030938030325385973,0.9267168008960013,0.027670689410416612,0.0
0.05086172009415864,0.010724845903493757,0.9037028141652103,0.02875265780224276,0.0
0.007722841832973942,0.07571482619609952,0.8807983323804233,0.029632035761685827,-0.0
0.02798407242049054,0.02437174869752587,0.9135080367569919,0.028273603483981263,0.0
0.0077179694181054226,0.08818989794280084,0.8676635272651612,0.030186716097508847,-0.0
0.03164438435915183,0.05037717330973015,0.8822175065611886,0.029629211299041103,0.0
0.06382441091555113,0.0010958779761156999,0.9001315574569955,0.028950455331444004,0.0
0.03161457650191697,0.010750065622480997,0.9240166819157394,0.027841557437450305,0.0
0.011869724527409017,0.05258383613678002,0.9008083782924785,0.02877611234580441,0.0
0.010696964849885483,0.07674930249126366,0.8765637289882012,0.02982057427203766,0.0
0.0066781055287663555,0.03785320102946701,0.9218089663933874,0.027876088964334283,0.0
0.012394963459210507,0.030522665450749352,0.9234947540022509,0.027815882328605275,0.0
0.010518599959271738,0.03333294312893563,0.9225090047096948,0.027859056721116004,0.0
0.039046960087539336,0.0012994483777616925,0.926122153308533,0.027768684721624793,0.0
0.6283972744473684,0.18812343530490538,0.09791396279274225,0.07101224148391183,-0.0
0.033229896194095554,0.05716294672726323,0.8734050170855461,0.029997581458098065,-0.0
0.004966499189549429,0.03742174747402004,0.924074928652375,0.027773568239598624,0.0
0.04898783163834385,0.02315690871685118,0.8925704982302336,0.029231625007565907,0.0
0.04674006793663019,0.004462213916602671,0.9146671393948489,0.028268762124093478,0.0
0.035495301584327385,0.03690321169966651,0.8923522763056785,0.029202232349619786,0.0
0.028767871090140982,0.0170964401534215,0.9203444732523149,0.027985695706748696,-0.0
0.01903780149119453,0.028883627269678965,0.9182063305156559,0.028053426824193834,0.0
0.03923852181737704,0.006346287732369062,0.9206030601265454,0.028002974522788108,0.0
0.3834527139469497,0.4267637929545,0.10588215898333592,0.06963609173146831,-0.0
0.004500785583133884,0.03568913547896746,0.9263952743081364,0.02767176783441007,0.0
0.02378612688085534,0.03271666569849229,0.9091440281569836,0.028454680046720002,-0.0
0.003548426331501811,0.05879992717188898,0.9030597848782773,0.028654311096333922,0.0
0.04437240424559326,0.023398127593461375,0.8972170648927131,0.029004746090012565,-0.0
0.0413930582682616,0.024382326569149317,0.8993256270778447,0.028910085674326177,0.0
0.010669322406817873,0.03594798548480566,0.9196016215459627,0.027977362941685575,0.0
0.026755762865289787,0.04320194123918539,0.894954168014183,0.02906795364478099,0.0
0.0740741711338274,0.02263340601413967,0.8665968022879048,0.03040844149390732,0.0
0.024279172663376966,0.02276145629881797,0.9191192100116591,0.028026605084334102,0.0
0.050159884796663085,0.838970142721542,0.022512635170436553,0.07333525197615166,0.0
0.02117123581547019,0.018923407095942223,0.9264400474203727,0.027713663682918034,0.0
0.02758477988842426,0.014786397288361628,0.9240245511771706,0.027829616983849413,0.0
0.061107374679247525,0.02569011162540505,0.8770899217009536,0.029922250765890303,0.0
0.0015385254927450928,0.051615053706081174,0.9127415281201461,0.028247720744503026,0.0
0.027849615832055835,0.03572176394603738,0.9016812777091023,0.02878355805108925,-0.0
0.018651677309300084,0.03043935873347155,0.9169708195373025,0.028108371390783683,0.0
0.02663264017388228,0.02991417903499401,0.9090956298602441,0.028458397697681687,0.0
0.034607560169496614,0.02539263955731265,0.9054248637311525,0.028639617627630443,0.0
0.004962267305523314,0.05199217912201634,0.9087295140738393,0.028423955242642962,0.0
0.13267496671776033,0.7339082371931855,0.04640460102918768,0.07221886543352027,0.0
0.04323074995873569,0.005608317022499711,0.9171615829805796,0.02815918157947529,0.0
0.053937533631052574,0.00724582604649013,0.9041186790075444,0.02874206493201408,-0.0
0.007694579903905268,0.043874727125310355,0.9143970919293315,0.028188226458412687,0.0
0.35253473432196797,0.5001349487584713,0.06031825835501762,0.07221561536262178,0.0
0.41828259141579455,0.43999907938245786,0.05394581435396823,0.07284512484779629,0.0
0.003258083361624867,0.08121546813786146,0.879719815478632,0.029667653213078283,0.0
0.028286126760700407,0.0659779358519655,0.8693170778116849,0.030178101850020275,0.0
0.021633976688718057,0.026782418507077608,0.9176700852642008,0.028087748143847256,0.0
0.010317016360046475,0.029663905117796242,0.9265952383567225,0.02767920672574579,0.0
0.01792408087231624,0.04784850824275266,0.8993913389305226,0.02885770664122819,0.0
0.0,0.0,0.0,0.0,2.82989725481961e-25
0.002348588836930455,0.8414734724190286,0.07154463346138214,0.07024839519384303,-0.0
0.5554919608315577,0.266364136556581,0.09252193102970013,0.07106023954964381,0.0
0.1652730067142447,0.6923138033193569,0.055938322703427114,0.07177295978339654,0.0
0.0,0.0,0.0,0.0,2.82989725481961e-25
0.006007032854312595,0.893911179944849,0.011100067411982575,0.07385350747446316,0.0
0.018387194686866414,0.02881022195810599,0.9189669384253538,0.028022826849345813,0.0
0.0374767144461423,0.023008203501552,0.90491745379733,0.028658707452149542,0.0
0.02791443617008159,0.01094985892248557,0.9277184960505429,0.027673479088923512,0.0
0.0167352314806488,0.06002737388802894,0.8878088689694682,0.029352050741299398,0.0
0.0,0.0,0.0,0.0,2.82989725481961e-25
0.011436383255227127,0.0606177956840557,0.8927857709923049,0.02912805294588103,0.0
0.01280877015681396,0.07813436583687676,0.8728826298166211,0.029974445906426592,0.0
0.05787709530273414,0.024010165904921978,0.8822674170625889,0.02969915534724899,0.0
0.011243576556281944,0.03995015482487406,0.9147773306035367,0.028184224542981764,0.0
0.019275425080321915,0.04268719954737694,0.9034111401944421,0.028682713356590495,-0.0
0.003788649353986623,0.09636183542019693,0.8631768301301356,0.03038998095161474,0.0
0.013838708013092593,0.043416281136456826,0.9083817085955218,0.028463239082539032,0.0
0.046877157717884706,0.02497095955074426,0.8929130460961114,0.029193688428310983,-0.0
0.04750327050226431,0.023187212814339737,0.8941144537050026,0.02915689564951392,0.0
0.010276841508913205,0.03193469145766343,0.9242451679799925,0.027778915757287106,-0.0
0.031100760187345373,0.060623082944241985,0.8720055104833555,0.030054716268309536,0.0
0.011535352790166247,0.046240238020097565,0.9078324388835282,0.028487073471548986,0.0
0.03654262991888296,0.03892814891631727,0.8891139540605979,0.029340831572444343,0.0
0.018785216680258315,0.0774461985972128,0.8672630538251096,0.030250371341412372,0.0
0.013913000779285293,0.039445942411113995,0.9124883768857113,0.02828747974423927,0.0
0.04689212291500924,0.03351151560395114,0.8838861755745476,0.029586852903198818,0.0
0.009485973106289108,0.05941079574290148,0.8961238252539165,0.028977400078563295,0.0
0.029052253056859906,0.01738794690591072,0.9197324687366102,0.028015771005020344,0.0
0.021950604315078927,0.03054130572201866,0.9133768122462822,0.028269517606769157,0.0
0.08576527096905791,0.003245231053915087,0.8746792700261036,0.030086840460892793,0.0
0.00971513468366948,0.032296980797315224,0.9244569737020132,0.027768581859711004,-0.0
0.05633338327483367,0.012884579642893317,0.8956525650450176,0.029102266873946066,0.0
0.5285686739635505,0.3108503612662592,0.07373274856305102,0.07207726599170289,-0.0
0.0,0.0,0.0,0.0,2.82989725481961e-25
0.04467590682341217,0.01909496593531177,0.9014307009826359,0.028826169430450892,0.0
0.0073388094038888485,0.03745945764342361,0.9215283792847847,0.02788749522466259,0.0
0.02734606415622245,0.04429450008121184,0.8931675256111813,0.029154377118050603,0.0
0.03212988267304022,0.023130462098063426,0.9104478322572273,0.028403682997627577,0.0
0.5671524348543331,0.28653878131476196,0.058157440358087835,0.07315705437576259,0.0
0.006897273512779861,0.08866873431961915,0.8680284988435321,0.030167474959768882,0.0
0.048886183446759886,0.006504782012044776,0.9102393471911022,0.02846818094672984,0.0
0.04027835350336342,0.033165359651576895,0.8912393063922975,0.02925878032620318,0.0
0.0006360619696676608,0.04198048333338383,0.9238475914251266,0.027772814680940082,0.0
0.004749363516187953,0.03918674604727174,0.9224448134940708,0.027842224463910208,0.0
0.0015847937569248975,0.04280264712771624,0.921976321191517,0.027856544872045513,0.0
0.01360223793047526,0.025984602805434645,0.9270005088444011,0.027669830987528503,0.0
0.007985884194092362,0.03298243376309824,0.9255571492108414,0.02772147266511236,0.0
0.04503426992546974,0.0390907397183726,0.8799647648786986,0.02975371391912778,0.0
0.493843523168594,0.3739234014849394,0.04334357539865607,0.07377008224493439,-0.0
0.03507574783937455,0.012341491651915873,0.91868470017776,0.02807473662504692,0.0
0.43331236108761517,0.38126048667164036,0.10095469198483877,0.07010892184547214,0.0
0.28366440079736766,0.5471242398784472,0.08422103278879722,0.07054044528141118,-0.0
0.038859944942375026,0.0025522158283677186,0.924995775144941,0.02781922863909087,0.0
0.026473239824087964,0.03205281659017285,0.9070098043427437,0.028547344186635674,-0.0
0.6766505066759141,0.21093243371802273,0.02103319765403604,0.07583527081938307,-0.0
0.03976149913142754,0.003443925874712048,0.9231084024135809,0.027897837862243816,0.0
0.014572202289370331,0.026617731622014276,0.9253055144101205,0.027746482753793503,0.0
0.04710896507756191,0.00779427328546899,0.9107626605850596,0.028438561294508377,0.0
0.019751714372564077,0.025586065824861292,0.9209224309072258,0.027942810296699924,0.0
0.01744216945795483,0.03581131600927569,0.9126020736416892,0.028280764729319622,0.0
0.32602598091796703,0.5778737103189189,0.005198398972815452,0.07544077662673505,0.0
0.02131397195975258,0.042961424493230135,0.9009609198259474,0.02879729241167084,0.0
0.01728366169651756,0.0437432481941513,0.9043956362872755,0.028641909393933455,0.0
0.2938882850225462,0.5320113568093177,0.08943341738349381,0.0702721457291555,-0.0
0.5849639352875711,0.2816378269474812,0.04414360941207792,0.07407143919453361,-0.0
0.03537897073806385,0.031761722576091986,0.8979021601334027,0.028958640231695046,0.0
0.02172886325931934,0.06471679481446908,0.8775659566090717,0.029818808788760646,0.0
0.04310912565438748,0.024111728925498038,0.8977962173042432,0.028980101865594077,0.0
0.04698827317352396,0.00985951396433309,0.9087096928585893,0.028528981025446855,0.0
0.005958965224270597,0.04807955833999339,0.9117956260893828,0.028298546905458626,0.0
0.03972985596776628,0.008914887042190964,0.9173769714770174,0.028141639540558372,0.0
0.017945306578048378,0.04463475543147363,0.9027584964164789,0.02871201714702414,0.0
0.006740909209862173,0.042922144649798745,0.9164041001101563,0.028104078399317695,0.0
0.03236715150231147,0.06798845143326757,0.8628787771482558,0.030467295846321935,0.0
0.05165323852166027,0.016873353303951677,0.8964006113175491,0.0290551029325463,0.0
0.03798057881631574,0.01820825551273267,0.9094286498196515,0.0284789605786943,-0.0
0.022665738654621816,0.04883257091030052,0.8933352543327828,0.029133225810072678,0.0
0.06117068065222319,0.03153478192846335,0.8708588480935003,0.030191775185553996,0.0
0.02545383580413789,0.07180751264544553,0.8661804236424682,0.03029463801653306,-0.0
0.01702083254241215,0.8828450605690187,0.011102094519203782,0.07389505508566503,0.0
0.048208209087501286,0.02308868571854412,0.8934746032838562,0.029184813264172854,0.0
0.021471499197406027,0.02098579696860231,0.9239521624445053,0.027818221620156708,0.0
0.007521031112712972,0.03568712261678184,0.9232018030882456,0.027817936933373817,0.0
0.039441694903063367,0.0078056507311840264,0.9188512724656195,0.028077472849476575,-0.0
0.01431100143655986,0.08516825665905693,0.8638596588942623,0.03038030535286054,-0.0
0.22607948374245515,0.6239068741318109,0.06382723356109768,0.07153290091778977,0.0
0.02137843560234705,0.02776181736682313,0.9169153278472456,0.028113647924938808,-0.0
0.016172273070314783,0.033791258479565385,0.9160588756163448,0.028141320910247326,0.0
0.05351749961795884,0.03356703747118838,0.876816246230673,0.02991126347676566,0.0
0.00300502954456275,0.04016009649660068,0.9232557718224766,0.0278087796132747,0.0
0.010052689462807981,0.042277088314326146,0.9135891550155075,0.028227823925228025,0.0
0.04695542110572819,0.016150225556143424,0.9021164732792523,0.028808870924813025,0.0
0.015594827562798258,0.025064161777619002,0.9258648894878465,0.027722786902271947,0.0
0.06929119165142425,0.014669157449110536,0.8800565982482371,0.02981409507132091,0.0
0.0005801940970835985,0.05176222145580872,0.9136042597837567,0.02820476918896948,0.0
0.0011635467733960465,0.057518624796999915,0.9069162369620104,0.028495332055297647,0.0
0.18874635555855526,0.6321340321667037,0.0953381554896707,0.06953944745057304,-0.0
0.009443276228505795,0.0431162967820187,0.9133434906768672,0.028240994135127543,0.0
0.04436986014319286,0.007816351090027263,0.9136307166652434,0.028312495874782517,0.0
0.022613101555879485,0.020903832344179165,0.9228235967291563,0.02787561138512651,0.0
0.010696365623764163,0.06724635320476943,0.8865831568386855,0.029390160974405805,0.0
0.0,0.0,0.0,0.0,2.82989725481961e-25
0.01785166087978303,0.04942558221401533,0.8978052323335721,0.028925670231530448,-0.0
0.6273652415240122,0.21792168390623826,0.06692162429724256,0.07285786348884851,0.0
0.01030252815878959,0.048525482452218736,0.9067364942358789,0.028523552138377307,0.0
0.37455638219892184,0.5248274021684568,0.009828205034624284,0.07534568248556334,0.0
0.0513985340627785,0.035662719494848845,0.8768584563228781,0.02989567085885614,0.0
0.02397534207232455,0.049052385246871805,0.8917244185492814,0.02920122960731347,0.0
0.029998825684130544,0.020290911886585706,0.915678583926777,0.028186390015517017,0.0
0.0,0.0,0.0,0.0,2.82989725481961e-25
0.016729202460168978,0.03174737025231462,0.9176241325868529,0.02807596836239289,-0.0
0.041331521146158144,0.002191265779743502,0.9227742218191576,0.02791193217128589,0.0
0.004390393122186146,0.06528812486471261,0.8953257843874256,0.028991209533922112,0.0
0.018140672719701986,0.029150702044366178,0.9188687269831074,0.028026380122426354,0.0
0.017938190970193012,0.053918292310445814,0.8929776928732626,0.029132851744016235,0.0
0.05724944006500647,0.034578936749462726,0.8718162490411986,0.03012513786634559,0.0
0.17177901284048633,0.6932905428282079,0.04784400931352145,0.07227986162553886,0.0
0.01574959155996265,0.024525589732266383,0.9262686359797887,0.027706140683534837,0.0
0.01223759216845714,0.03545917885209808,0.9184540165144374,0.028034137338657898,0.0
0.028207097889768128,0.03354352227521634,0.9035971939751404,0.02870411675671287,0.0
0.29965701587353466,0.5417250129306422,0.07273610556145259,0.07127935583560926,-0.0
0.6717689404557572,0.20936133837306165,0.02802528850805391,0.07538814016804914,0.0
0.019282127179542734,0.06070860693638116,0.8843973714306345,0.029505010207690884,0.0
0.1830835627906424,0.6993255820994977,0.029099337675886693,0.0734445767904947,0.0
0.010042827950397348,0.0346792999369677,0.9216033935120651,0.027888448854695765,0.0
0.47277875880350073,0.411482572754085,0.02565319846257157,0.07476184331392387,-0.0
0.05109489326349734,0.011834627946803072,0.9022868342683892,0.02881359552725581,0.0
0.02624220931199477,0.034069292465852094,0.905122517196178,0.02863223985846239,0.0
0.0505695815351123,0.8049913444413426,0.05867746940949016,0.07118323492492605,-0.0
0.03894040242321965,0.047739731837517986,0.877286695512892,0.029856309607318863,-0.0
0.048439975221258244,0.002338128193932959,0.9151086299791596,0.028254290049956984,0.0
0.06029224993534204,0.002985959701157937,0.9019041466716236,0.028842062462688386,0.0
0.023945234093059667,0.01742143487989518,0.9250939720758747,0.0277754773933222,0.0
0.03835700609255408,0.05070916040163306,0.8747730739868088,0.029962767243421458,-0.0
0.0159480690983779,0.02317104102065558,0.9274861905608254,0.027654821568878094,0.0
0.04019360794051431,0.032190236893880377,0.8923533790113541,0.029213500356921603,-0.0
0.02841210461612743,0.019277766737830014,0.9184211521357113,0.02806728083909066,0.0
0.007865148548762354,0.0805896352827796,0.8755078628395102,0.029860089430512906,-0.0
0.07121788449890731,0.01468063638458678,0.8780211546571192,0.029895446144434196,0.0
0.0027959141465659595,0.039531918151117264,0.9241362994235062,0.02777266239631425,-0.0
0.3496050472694564,0.5168558203582829,0.04546764000939171,0.07309395758945157,0.0
0.04368264576140918,0.7928275944312617,0.07921596126858813,0.06994976622122398,0.0
0.031896714593514425,0.025704364393708955,0.9079640045160974,0.02852283535985143,0.0
0.04118237101311713,0.0038669170631507118,0.9211658273050457,0.027980278707288475,0.0
0.04539420968937676,0.007422727225911179,0.9129628677624849,0.0283434652453559,0.0
0.0037728714928872047,0.08428861294723021,0.8759169836887619,0.029846651276751363,0.0
0.03529296033303166,0.009206263038543173,0.9217587554386467,0.02794450085502537,0.0
0.056429643413952485,0.01124142640576914,0.8972869873314037,0.029029292359933834,0.0
0.03524666606298721,0.02751370913633873,0.9025229916169625,0.028757994974013924,-0.0
0.033115324740273774,0.027559053686278322,0.9047284364319981,0.028658345633639493,0.0
0.04319708267525927,0.045383752239111536,0.8752648998483923,0.029957217626548613,0.0
0.27436485299952185,0.5663656946055097,0.07356176206787203,0.07113534565460725,0.0
0.04223379006617887,0.027763576743840758,0.8948630405745851,0.02911069657858548,-0.0
0.062364965198998354,0.02357617937489909,0.8779891627830594,0.02988644996400252,0.0
0.07631594264554606,0.009613223439868014,0.877957550612623,0.029922643030182893,0.0
0.0006463052587191306,0.05909354850276526,0.9058028501295059,0.028541820328974055,0.0
0.04079631137941596,0.016573548926685337,0.9081784664890383,0.028536689495497054,0.0
0.0,0.0,0.0,0.0,2.82989725481961e-25
0.12342324898084839,0.6875261800980785,0.10632976300750507,0.06866091524865431,-0.0
0.037013624888753545,0.01771126920694681,0.9109691454892828,0.028415003853233235,0.0
0.05597373369335008,0.0012571518292054042,0.9082785476268628,0.028568977946613283,0.0
0.07387075418300071,0.002617565094215924,0.8879223707489559,0.029485568464725796,0.0
0.008145425567587112,0.05552934707960996,0.901632400664012,0.028738281835977948,0.0
0.02864151652787585,0.02422232976307619,0.9129643911122486,0.02830322946388191,0.0
0.0042297302722520665,0.04001177147262222,0.9221246079841975,0.027854594015996312,0.0
0.0216056566232353,0.020149204884424173,0.9246946352560691,0.027784843185554735,-0.0
0.0021815031877413507,0.0623656959975084,0.9007555337187044,0.02874242452352889,0.0
0.7208199573347136,0.14591845136869966,0.043312741830419145,0.07464499466990407,0.0
0.49667283114908156,0.39518212022817323,0.017336271994731565,0.07536112614047212,-0.0
0.6177050761889433,0.25069864140395415,0.04203501942262924,0.07432516922296571,0.0
0.022056498358821997,0.8667769075222477,0.022972162555877373,0.07320062288714538,-0.0
0.011335762427064244,0.030260110011243336,0.9248905052095945,0.027754132195858237,0.0
0.3975502927232548,0.4458917723712263,0.07003922581069372,0.07180593196280431,0.0
0.007409553392492466,0.04107995595007871,0.9176387087187968,0.028053107240637983,0.0
0.07660879326549844,0.008063320252517435,0.8792832811413873,0.029865362077805886,0.0
0.06549476052089348,0.01669972148950309,0.8819305749748337,0.029723948103875533,0.0
0.004305184393792676,0.04113504447543922,0.9208613029269094,0.027908492207724525,-0.0
0.04337803413461031,0.03074617122500342,0.8905044149192697,0.029304012396595813,0.0
0.011227846473513433,0.8881480478361171,0.011660131346175325,0.0738387582244993,0.0
0.05600620392210662,0.00481082803707609,0.9044984629844026,0.02873081309154872,0.0
0.04724932702960008,0.02544869592667437,0.8920042444735359,0.02924264669282005,0.0
0.025560656327248684,0.015534660336732824,0.9253737594422595,0.02776840107758498,0.0
0.014443724556261903,0.053041841348858774,0.8975961401927965,0.028926350818305167,-0.0
0.004706501314137358,0.057837976189363406,0.9028345047070564,0.028678400894967794,0.0
0.023087314853538436,0.01933521369957625,0.9239840450454516,0.027820614008126552,0.0
0.017448597545022856,0.027533882644735063,0.9213037956438176,0.027921081284517913,0.0
0.013354193824868838,0.05468066155568549,0.8970205921250313,0.028948275707209706,0.0
0.016096952706334915,0.07765881187301305,0.8698908976265881,0.030123579099181858,-0.0
0.04821812337539934,0.043143908793166916,0.8723160839672014,0.030096987532007614,0.0
0.01802919435222089,0.05084382256712034,0.89612262916153,0.028998121964873197,0.0
0.014978887073123007,0.03807596234915895,0.9128103613815346,0.028272608666187703,0.0
0.010598977699547698,0.05004492040133989,0.9048232925389851,0.0286047815791244,0.0
0.0,0.0,0.0,0.0,2.82989725481961e-25
0.02426988594963697,0.04170977386840514,0.8991536164674453,0.02888321324734955,0.0
0.005801752062394315,0.04776172588522037,0.912310237922588,0.02826573118906725,0.0
0.036628057904087616,0.014251887537507375,0.9150309222801066,0.02823418350150726,0.0
0.043273388330793486,0.0020892024667103232,0.920832027919638,0.02799740259089524,-0.0
0.02325184148142429,0.021580365658512752,0.9214487208347075,0.027925543303053454,0.0
0.05850239530751207,0.01577152482841007,0.8902993272635257,0.029350033993324927,-0.0
0.017727333375667585,0.03768993975579754,0.9103031691693547,0.02839325695564172,0.0
0.0008269831200642552,0.06909402361170931,0.8950572735637187,0.029012598235761168,0.0
0.007458281036173976,0.06346691546088322,0.893998325096617,0.029058521105958097,0.0
0.01584536270109869,0.028810373999545717,0.9216571584933895,0.02789894427136823,0.0
0.00799532758324808,0.05574206286310171,0.9015670394629891,0.02874057551811854,0.0
0.006356976972052564,0.07402269588878048,0.8840364490344149,0.029481923200689913,0.0
0.04355649843173346,0.011491610070775028,0.9106171155294581,0.028439107977332168,0.0
0.00826528733779099,0.04658184145098243,0.9109422796990967,0.028335947922096445,0.0
0.027616529937273905,0.028262581318890558,0.909789944441419,0.028436086572917657,0.0
0.022986628570172335,0.04093554033529663,0.9013097166757451,0.028800691242959,0.0
0.7466861460555819,0.08483960483422456,0.08116571317761569,0.07245576630116465,0.0
0.04149620852969744,0.0361422636641438,0.8868069741811809,0.029456891361986825,0.0
0.04866839109483913,0.0018844234129217496,0.9153357923355948,0.028252580548547325,0.0
0.03683890438783351,0.014823475754952674,0.9142002780680327,0.028274333224176166,0.0
0.0015139072966347405,0.08655840543794568,0.8759299855315386,0.029827067758070258,-0.0
0.04050879049414931,0.032630799467839956,0.891572552902284,0.029234682999766,-0.0
0.010304648266763456,0.0448183705258646,0.910639285863547,0.028358454110477414,0.0
0.0209142577419377,0.0265803664211565,0.9186535883624934,0.02803638375599703,0.0
0.010651592582857278,0.07088164647021782,0.8827974427507738,0.02955301267656133,-0.0
0.013921602714780722,0.05797868576649296,0.8929467466684946,0.029122211264457243,0.0
0.02226926834584458,0.03768469576246305,0.9055111248164114,0.028606350603832632,0.0
0.0,0.0,0.0,0.0,2.82989725481961e-25
0.009904117038578937,0.059828438918863504,0.8952429105914578,0.02901507204819782,0.0
0.03783104256869185,0.009919376990421617,0.9183231061785487,0.028098388612264283,0.0
0.008922574739423357,0.055877858578825795,0.9004506033131582,0.028785224692129005,0.0
0.035529218227182933,0.015243699371061029,0.9151470631175939,0.0282265903320908,0.0
0.29468982082124534,0.6018931724950102,0.013252909274424138,0.07482956336822098,0.0
0.046086180565621394,0.03089998741521048,0.8874936622972338,0.029428354811081293,0.0
0.053796330125137695,0.008602703337811551,0.9028375795507724,0.028796659334511022,-0.0
0.01696321798936506,0.05495551158917839,0.8929287931886979,0.02912193655906551,0.0
0.03754198186016063,0.009463487854412131,0.9191087360389945,0.02806443670785654,-0.0
0.024427307340487158,0.013357712819483175,0.9288661219807823,0.027616465477792278,-0.0
0.009161233577249784,0.0918506722003953,0.8622591929153641,0.030436933824020483,0.0
0.07129379350591329,0.00403327519436531,0.8891623038393031,0.029420068019997123,0.0
0.0,0.0,0.0,3.39138169260985e-5,7.14663064586389e-27
0.01733510793679876,0.0278097293756866,0.9211369452645847,0.027924890509659964,-0.0
0.02971932920321093,0.013527995686638405,0.9230890753889088,0.027879024406191708,-0.0
0.04109325349562172,0.03873427736085377,0.884513057178689,0.02954458031559057,0.0
0.03747607150731954,0.0032855173994449285,0.9256904041940973,0.027782545116977492,-0.0
0.05263305118160376,0.013495402814546387,0.8989107376964072,0.028961419838362937,0.0
0.0,0.0,0.0,0.0,2.82989725481961e-25
0.06496873708373739,0.021446725674643098,0.8774807912976512,0.029914827530558723,0.0
0.06540908119029072,0.017506141505068774,0.8811710359363117,0.02975632030727842,0.0
0.05157819838000589,0.04377422731258999,0.8681096583644988,0.030277356867995573,0.0
0.6471017932784661,0.17688102558296037,0.08978437004198862,0.07156536555239118,0.0
0.03900531455690187,0.029840202935074684,0.8960872886449096,0.02905032417132209,0.0
0.02769982306618166,0.03225297178259279,0.9055041613486309,0.028613204365092074,0.0
0.07239893862276783,0.0003955295291587596,0.8918171890021774,0.02931784589379428,0.0
0.046229748520480826,0.00880676295201532,0.9106139679339403,0.028451274393817283,0.0
0.032732251932891164,0.03152081980657395,0.900947775171362,0.028826737368871615,0.0
0.044592684023434616,0.03717469315592645,0.8824578507265091,0.02964080158619484,0.0
0.017425717203477728,0.022091398433489735,0.927062511243624,0.02767623661371133,0.0
0.024389931101639447,0.05986121035950482,0.8799018635029741,0.029701290057981042,0.0
0.004245509746521098,0.03874891562172414,0.9234412620767006,0.027796561257118307,-0.0
0.025465660232893567,0.025223456752877477,0.9152715581429902,0.02819282224389466,-0.0
0.001146321880244088,0.08865158726423963,0.8740943280350236,0.029918622139825848,0.0
0.029524416258570437,0.03664629349544265,0.8989493447332351,0.028894389167648363,0.0
0.04973364057237756,0.8324820775582529,0.02996696168387356,0.07288754531693314,0.0
0.2954505574448736,0.5600503220009636,0.057548654829590595,0.07216539692042405,0.0
0.0034986586218983696,0.03731321925917113,0.9257404256169549,0.027699194560450537,0.0
0.058175343174272975,0.003436369374499953,0.9036572091360828,0.02876969854904112,-0.0
0.019283406531259942,0.03552619737364183,0.9109616632418316,0.02835116787219826,0.0
0.0349758908040268,0.01710361470200981,0.9137716492181419,0.028284033421059136,0.0
0.04825115505869677,0.005674775110360129,0.9117803171505073,0.028404743450826532,-0.0
0.011702286520585942,0.8453760768687287,0.05723056540615914,0.07112527315322456,0.0
0.4647405518004849,0.423887637594212,0.020980069037392624,0.07501583600362347,-0.0
0.04811010104280126,0.003613024178126579,0.9140934597520184,0.028312532024897585,0.0
0.04145765447034961,0.008831957798116586,0.91563957583813,0.02821885932936599,-0.0
0.11667314393416549,0.6994852096129732,0.10076011819260745,0.06896011281193155,0.0
0.0,0.0,0.0,0.0,2.82989725481961e-25
0.031260030285165274,0.06490837503743077,0.8672989827526774,0.030272951570698182,0.0
0.08036006994923761,0.0046473393668033545,0.8789392323994318,0.029872951864812213,0.0
0.03850506236387336,0.056708789243906106,0.8683002376496399,0.030234181335323216,0.0
0.05176047989341921,0.03023022426734732,0.8821881583536597,0.02967921658042353,0.0
0.011356526515479451,0.050666667175647925,0.9033636223287228,0.028671790380977273,0.0
0.007907017096802877,0.03452904711973171,0.9240108399287521,0.02778704555071213,0.0
0.5368361275119198,0.34884369534066806,0.023797691084563633,0.0751231798540203,-0.0
0.02942819577768583,0.02049548781189992,0.9160582006586108,0.02817495926122485,0.0
0.020351952233685956,0.020844929007059233,0.9252837298117879,0.02775884842518601,0.0
0.06061248235553347,0.023058584031955248,0.8803887151784452,0.02977846053627216,0.0
0.007117827373943755,0.8838754321030285,0.020716542762688483,0.07328019262027581,0.0
0.04002769341355099,0.002167303265092706,0.9241765971298995,0.027849685353160136,0.0
0.021235508068839865,0.05721697164408782,0.8860165959194333,0.029437485778028412,0.0
0.03541169280574114,0.0034411827815709725,0.9277079262287112,0.02769175204829283,0.0
0.02921476963805453,0.013600951655240286,0.9235511539763319,0.027853680292857803,0.0
0.08082693888912013,0.8079195651321076,0.02277392178191948,0.0734361427146283,0.0
0.0388563614892567,0.003494848652278957,0.9240113139088643,0.02785720525920844,0.0
0.0378373431163895,0.06091594476603629,0.8645521807682216,0.030407943180021334,0.0
0.048168502794718265,0.04881264172985214,0.8663890139064973,0.03035386434818016,0.0
0.08590201153595835,0.00845069955572632,0.8690439641481513,0.030331324076182175,-0.0
0.014830374936908607,0.07022843346519854,0.8790668962152497,0.0297239727737926,0.0
0.2775139894451049,0.5612982766348801,0.07561100794066992,0.07102668644006613,-0.0
0.00028450582580734525,0.05470198654633375,0.9108137700726495,0.028326888313961792,0.0
0.059071633041232856,0.8248954807535905,0.028034085182625904,0.07303789120122764,0.0
0.4907402274858296,0.40551003503638744,0.012619924416488118,0.0756273149307768,0.0
0.002477396199980198,0.07116976803160416,0.8911373845646924,0.029174430689665583,0.0
0.021794673503282323,0.016930931070352526,0.9278831215044856,0.027651898683089402,0.0
0.00941732519255234,0.03251249409692806,0.9245445907449479,0.02776414411049593,0.0
0.005018096776949905,0.04908457027180455,0.9117308460125776,0.028299087834187553,0.0
0.076539189662058,0.008517484695335597,0.8788779453619151,0.029882693846599098,0.0
0.04200969004608972,0.008841411416077952,0.915041635530104,0.028249205871088114,0.0
0.038167999504672506,0.018788589509403663,0.9086247052169216,0.02850924692093141,-0.0
0.013412005850874443,0.04402589165316886,0.9081968707987577,0.028464953981745485,0.0
0.05102829814758248,0.04728079624016694,0.8649793557239589,0.030421986982189453,-0.0
0.030142239335222747,0.05125260532880342,0.8828671212665501,0.02960987596862565,0.0
0.029830142437780295,0.8311259602890158,0.05296782879195155,0.07144422943983274,0.0
0.49363835150230095,0.3349825969010791,0.08553678066645783,0.0712437687425765,0.0
0.0,0.0,0.0,2.77572673469915e-5,9.494759165170429e-27
0.004457997272389213,0.04409348923017377,0.9175824453708191,0.02804837215311532,0.0
0.026740713879667824,0.8306569118869791,0.056814003965235435,0.07120572914309642,0.0
0.017885059072103516,0.04413569457215822,0.9033461077470424,0.02868836795843508,-0.0
0.012649252753050335,0.06796183269277775,0.8837637621253848,0.029516145473656732,0.0
0.027766578394949035,0.8079454095590558,0.08014972848386374,0.06983759671703596,0.0
0.004939857930193671,0.03785146542422009,0.9236504392296254,0.027791442674229613,0.0
0.01580713391018147,0.02732971080797409,0.9232534743151275,0.027834260976797382,-0.0
0.001973629471151036,0.06704511229031011,0.896017664888873,0.028964279534892452,0.0
0.020061511132317498,0.031060595315617702,0.9148263330149745,0.028203012770175288,0.0
0.007244006807711398,0.05738885864664436,0.9006343492571244,0.02877177343649155,0.0
0.007194601132327574,0.052549582172689915,0.9057784574563272,0.028558493204764366,-0.0
0.004138012276376043,0.06466257776596343,0.8962416336753055,0.028959411518711346,0.0
0.018879295382128847,0.08004459563042737,0.8644230304573094,0.030373448396983315,0.0
0.588056651533352,0.2770321405359787,0.045760325614220096,0.07398538769497978,0.0
0.037114283886318045,0.06222511141826217,0.8639581372469868,0.030414916734731266,-0.0
0.04026762391285153,0.015954393477336647,0.9093780207427226,0.0284933632870781,0.0
0.016794084841748175,0.06616071130831006,0.8812794775395028,0.029633375468177146,0.0
0.02066183207257695,0.021711316494485777,0.9240434399923151,0.02781228190981079,0.0
0.0,0.0,0.0,0.0,2.82989725481961e-25
0.43114366981149926,0.42035062066951345,0.06119841617987183,0.07245925522174745,0.0
0.0,0.0,0.0,0.0,2.82989725481961e-25
0.668517556571946,0.23108283163071017,0.008092217891360904,0.07660094538458788,-0.0
0.03143646119747713,0.010504286404262542,0.9244575351233315,0.027827310926534718,0.0
0.02599314494067179,0.06424917085643199,0.8735614888284177,0.02999231701041812,0.0
0.11438106194891384,0.7581537567010221,0.04008163615896135,0.07252700035226783,0.0
0.0425012587985808,0.04136692282602918,0.8802368271044425,0.029740930368113507,0.0
0.02322393946674861,0.04376685953308866,0.898090962966468,0.028926209906580784,0.0
0.34098357277356933,0.5223049249407516,0.04893056243279816,0.07285321500773824,0.0
0.1524021487533348,0.7536556297182617,0.003745528038557867,0.07485863897286753,0.0
0.03317438980189552,0.05294688961981969,0.8778898631860865,0.02981934374967022,-0.0
0.03927718984726577,0.009212273808178992,0.9175434109150223,0.028132351910104762,0.0
0.04110510049268288,0.004355474652039182,0.9207296942224311,0.028000971934751578,0.0
0.020164464708971135,0.059834505182558735,0.8844016277861998,0.029494820004899013,0.0
0.027195981965025054,0.047213040706087735,0.8902579667474556,0.029272240668613173,0.0
0.04565310777759302,0.03589666426841685,0.8826719084802926,0.029643561476897055,0.0
0.02565739995580262,0.016924585647316744,0.9238112867769662,0.027831732814519044,0.0
0.012863788537556556,0.05233863221006753,0.9000078894019041,0.02881906010076984,0.0
0.011984675940425682,0.029198618922000923,0.9253265315990693,0.027734601962528867,0.0
0.022201135937757417,0.02937885530574487,0.9143351334302744,0.028230760264019602,0.0
0.0013518090866996204,0.03911296108824559,0.9261106572678502,0.027679887886057342,0.0
0.0345970807188783,0.0021245413763117823,0.9299557952016992,0.027594423203080788,0.0
0.10900123819074962,0.7304727326020385,0.0757121070660143,0.07039663745127052,0.0
0.008858307531685936,0.03364574049622443,0.9239412624790064,0.027788438472341002,0.0
0.01804755899499823,0.044831808718068945,0.9024467420350434,0.028722465306792202,0.0
0.018187493004950973,0.028344973244338507,0.9196682715329116,0.027992464347089144,-0.0
0.008761229456234552,0.08113723427545257,0.8739952424899667,0.029917788148204283,0.0
0.050330791264297126,0.0010478028862308903,0.9144709309873796,0.028285335008235362,0.0
0.014575761985942272,0.06856156232259843,0.8811076173849355,0.029624713072407223,-0.0
0.009212911845815045,0.0375888198751226,0.9194110388717533,0.0279825092093185,0.0
0.036565087941571706,0.009661726618679837,0.9199344789333735,0.028025181764070022,-0.0
0.04606963732311439,0.014390856841076596,0.904896061611506,0.028696528593561976,0.0
0.023747422544616977,0.01866823907529809,0.9239893058719271,0.02782194767378929,0.0
0.05548225723974128,0.043220208346943165,0.8645504475857938,0.03045157768888323,0.0
0.03912524591280587,0.006730006377617882,0.9203153639308,0.02801732993922155,-0.0
0.0,0.0,0.0,0.0,2.82989725481961e-25
0.0,0.0,0.0,5.100629869248212e-5,1.363289794189738e-26
0.04924354811308353,0.04581187959158624,0.868416946975661,0.03026859106989772,0.0
0.0065031123656709554,0.055621995057051385,0.9032684801771675,0.02866615447966445,0.0
0.008433418757369783,0.04454697859658669,0.9128965055805018,0.028262739243066135,-0.0
0.03899337220655348,0.009128767737717551,0.9179289827137308,0.028117089945029653,0.0
0.6899481117876142,0.12326488265759986,0.1011774935033534,0.07104800577757525,0.0
0.019968051675617257,0.021537027292819293,0.9249601669031805,0.027771677354216102,0.0
0.11408558284496163,0.7698018850789683,0.02784781441768799,0.07325755155259223,0.0
0.023339721692846913,0.07772867224816021,0.862155009782872,0.030476551805610295,0.0
0.02739027437885304,0.8360664718531051,0.05028620589673885,0.07159429690739336,0.0
0.019545085199826475,0.07874582751227391,0.8650965245871627,0.03033977003121253,0.0
0.03590067275869861,0.01003019771534004,0.92024568122946,0.028012414709558266,0.0
0.0031985301031054627,0.0402949454120322,0.9229158749129576,0.027818514359959006,0.0
0.0,0.0,0.0,0.0,2.82989725481961e-25
0.005327799794166411,0.08310458064435522,0.8755386475396456,0.02985311486042933,0.0
0.08108063124883787,0.007505388506150445,0.875134905520078,0.030060801934586337,0.0
0.06853521404239568,0.019993343915497674,0.8752376295504516,0.030023234257425202,0.0
0.09355496034701592,0.8033666289724924,0.013896086724386959,0.0740185708407506,0.0
0.01862672708418613,0.04091237649196447,0.9059524592957346,0.028584191938697632,0.0
0.02812929683256517,0.012673883008629084,0.9256750189269106,0.02776077686045684,0.0
0.06287112882586922,0.011973932338774557,0.8896928465409416,0.02937961149025331,0.0
0.014718797621552562,0.058770980655065926,0.8912763743944394,0.02918980821814547,0.0
0.0,0.0,0.0,0.0,2.82989725481961e-25
0.02931565995822913,0.024138487204109185,0.912337690522567,0.028333561002237717,0.0
0.02579402509099229,0.02412459549388315,0.9160788150550389,0.028162083732216715,0.0
0.006148171367465694,0.08605840164118721,0.8715557330721161,0.03002722271873621,0.0
0.05716651359147586,0.008771789327771423,0.8990960999865961,0.02896534745813281,0.0
0.03463478402606699,0.034359744111076077,0.8959436265988596,0.029045909829963842,-0.0
0.033689667921216894,0.021990580755282072,0.909972759954901,0.028449286866832603,-0.0
0.01607647866933205,0.022659266617370104,0.9278915446330221,0.027636493251971008,0.0
0.04619290730176435,0.026248843676698583,0.8922683142108501,0.02923600854260397,0.0
0.026958232608496013,0.8175201151185738,0.07072025101373078,0.07038741931317195,0.0
0.020325026683134607,0.03326099345142094,0.9122273603009426,0.02831570063852044,0.0
0.507729027314753,0.3620265955639833,0.04112809380433226,0.07395786153756406,0.0
0.021298364026770746,0.01806700704807917,0.9272127783574937,0.027677458504155126,0.0
0.003945410036691344,0.04685404290330364,0.9152198233963469,0.028144138203626965,0.0
0.061794935570013344,0.006384468122823344,0.8966979909228352,0.029095977011578997,0.0
0.010706357626985989,0.037025886944281806,0.9184300966895229,0.028024642888115587,-0.0
0.006350964884050389,0.040112931241306556,0.9197765226234748,0.02795947718731621,0.0
0.0006834465864404281,0.0693688627944337,0.894956164284201,0.028987969129304233,0.0
0.07885402067964074,0.002039939958285444,0.8832731016750821,0.02968894888398593,0.0
0.07061440377279561,0.02707517902800933,0.8655720005846255,0.030444181219091475,0.0
0.011879039162205045,0.06781196799706823,0.8847622507523611,0.029451136537628812,0.0
0.06365709547357966,0.017608315172595434,0.8829305181646001,0.02966506836853641,0.0
0.0293879825220656,0.03233748851970283,0.9036222923925141,0.02870417941464794,0.0
0.043845249744559486,0.0040999341576611345,0.9181033002832578,0.02811927735871262,0.0
0.01383346717253511,0.025511126383068367,0.9272575013693649,0.027657557243218892,0.0
0.7319657032462374,0.11467452036835218,0.06494116590428659,0.07337625586456782,0.0
0.020447922145712085,0.003464192262858503,0.943491970955587,0.02698798108069537,0.0
0.02522569934719897,0.015282405831247473,0.9259962311035803,0.027739015284950912,0.0
0.06256676601360228,0.003576286880979292,0.8988596018735485,0.028991716220189798,0.0
0.006515481976652715,0.04411585355666091,0.9153886866763081,0.02814348018085509,0.0
0.07878584109055461,0.7344335645813933,0.10410023401819737,0.06862802028837095,-0.0
0.03095748731625805,0.012111469308506735,0.9232790778923804,0.02786938690090358,0.0
0.039501954673369734,0.006189581267361648,0.9204898486111966,0.028008384920926145,0.0
0.04325410470240191,0.011410476291219206,0.9110297110009274,0.028414965839510177,0.0
0.038816881780579175,0.015508009751831442,0.9113897545050562,0.02839785572500986,0.0
0.024521679239197482,0.018886145429736226,0.9229440439511903,0.027866294863036177,0.0
0.03437959349846918,0.007043323660498735,0.9250006256363257,0.02780629032191013,-0.0
0.011353402483449645,0.8239118930991706,0.08070841817700401,0.06974495976424383,0.0
0.2169365995464887,0.6144985387306151,0.08384541231100284,0.07031677433822672,-0.0
0.02758695986240963,0.02384186514191951,0.9145044775572992,0.028215926536824646,0.0
0.025936480313223605,0.01193739806760166,0.9287620579607742,0.027629054074193006,0.0
0.00935670188963514,0.030720337722510913,0.9264948125631989,0.0276827822433995,0.0
0.006209312522822332,0.08217233456647072,0.8756039204750097,0.029841201304875695,0.0
0.056924685226791824,0.03461804346162117,0.872089689341684,0.030134873313900055,0.0
0.7423721314317044,0.10526209178466936,0.06381713801863642,0.07348390161792508,-0.0
0.02452354174316013,0.05088751545004862,0.8892098452600032,0.02931072440075879,0.0
0.008225173872043698,0.03538750733309545,0.9227785015112971,0.027833674191847756,0.0
0.031991166202059565,0.006828233504903353,0.9277534301008334,0.027681748379504403,0.0
0.00696172957685258,0.0319914530829972,0.9276881551336122,0.027624840034259426,0.0
0.01646450103900158,0.881056296882231,0.013632963073110068,0.07374103547165235,0.0
0.006939026132420285,0.041760091940645304,0.9174206975958638,0.028060146501596113,0.0
0.022868923591074727,0.01977627932607091,0.9237501897000847,0.027829950147236486,0.0
0.0704460937875112,0.0030534969211409115,0.8910805734980332,0.029344155626277558,0.0
0.0,0.0,0.0,0.0,2.82989725481961e-25
0.002542000930941055,0.04593359480934034,0.9176680647582206,0.0280402711616633,-0.0
0.01227285675934125,0.03938753179960856,0.91428780568632,0.028203378569088527,0.0
0.07320456605917751,0.014715482590993296,0.8758727710911386,0.030001088536471106,0.0
0.007104228422124161,0.03801084145067438,0.9211866310622603,0.02790818930516891,0.0
0.08903179971749835,0.006999647952411755,0.8672620313539842,0.030417345104310812,-0.0
0.047565057785771234,0.03145274341801552,0.8853420565726008,0.029528357149206326,0.0
0.005436898690164122,0.03854615149111717,0.9223966702430696,0.02784327120852823,-0.0
0.019718216862827948,0.05718759586829084,0.887648614608372,0.02936623930880572,0.0
0.02494376468122005,0.05873237153924971,0.8805074970130353,0.02967574730151766,0.0
0.03059115139042224,0.03197780418331514,0.9027295413428201,0.028745277281690306,0.0
0.012143924903537403,0.031028464940722245,0.9232269887990101,0.0278267376496862,0.0
0.02292804787631269,0.028959839171259757,0.9140121492821034,0.02824339992309669,0.0
0.14707075821061963,0.6963290141074536,0.0713028199791061,0.07079696102790276,0.0
0.032369563766340204,0.01387512969369604,0.9199295432931549,0.028014442735268843,0.0
0.017130487367148384,0.03436173816781676,0.9144430475423888,0.02821400086810476,-0.0
0.036906453726905215,0.01944286264059685,0.9092591062943395,0.028486478787141497,0.0
0.0003757443044129623,0.07189664725084438,0.8925932652107693,0.029106780696094646,0.0
0.011753973348452178,0.03733379847128476,0.916993199931399,0.028092462891106826,0.0
0.02061693401746529,0.024046064155694692,0.9216307457324208,0.027914812256993004,0.0
0.01001620067941271,0.040583643226706004,0.9154069383550274,0.028154427249546667,0.0
0.022104254285958816,0.025516959624229393,0.918513861503178,0.02804729437982393,0.0
0.6779033243532067,0.1499718148944801,0.08543933965697527,0.0719402472996382,0.0
0.003624820424908035,0.04019175299034231,0.922574169353802,0.027834040805388812,-0.0
0.07444370645536003,0.8050977033297964,0.032727617916994134,0.07281561109309238,-0.0
0.4891217523276864,0.35685809015610936,0.06685740016926081,0.07233863374794751,0.0
0.006702601670287113,0.03660528723092064,0.9231006644290636,0.02781913913838262,0.0
0.018366113882372692,0.04282956883435887,0.9042185997699013,0.028648856339707995,0.0
0.018489659040887528,0.06923308221441236,0.8762608701760569,0.029842698345585828,0.0
0.0020261511544889675,0.0736422548501449,0.8890102559164286,0.029262820772046085,0.0
0.03438816167675922,0.001996566931282693,0.9303111984926045,0.02757897300029913,0.0
0.028293489544748317,0.05709101302701579,0.878695263004165,0.02976235689521241,0.0
0.002252986186660004,0.8317072810867241,0.08215616319718831,0.06962676594334405,0.0
0.006549092573306614,0.037689343724315635,0.9221206861803881,0.02786039857789947,0.0
0.014176572804776175,0.058185078342939074,0.8924566605732067,0.029146129969927038,0.0
0.006043065091343189,0.03641334899639256,0.9239998695736795,0.027779308960378998,0.0
0.11472692128183272,0.7824968082852325,0.013465188025772084,0.07412502738856314,-0.0
0.06879225626728375,0.0029239460122260814,0.8929750157103846,0.029251656602909286,0.0
0.04779866203796753,0.039563240671507,0.8765301033615984,0.02991847229491617,0.0
0.003232147197113199,0.05276058129835203,0.9097477456292292,0.02837680289298937,0.0
0.04951101512863266,0.011551599873360184,0.9042593935647268,0.028725448227832105,-0.0
0.04512042804355833,0.012959219306663997,0.907425542271923,0.028572766351562404,0.0
0.5398649250062127,0.33516828243789143,0.03527297240554166,0.07443618074788573,0.0
0.06075191677800238,0.020780674358431422,0.8826432477205571,0.02968163616324028,0.0
0.15365466073044923,0.7395237958707271,0.017632733945466557,0.07402306957070992,0.0
0.016696108018494457,0.030024138299538008,0.9194776168911281,0.027994919981956013,0.0
0.028692479430784235,0.06807939406782053,0.8666850509236538,0.03028193778152274,0.0
0.038092839636551974,0.011041626815750834,0.9168603454171401,0.02816402709041217,-0.0
0.020232604469717065,0.04841798579767332,0.8963503963386376,0.028993642189102005,0.0
0.014175018211930408,0.027105261256814183,0.9252145374271433,0.02774705877545645,0.0
0.0474235910126687,0.00716938193087426,0.9110892338174774,0.028424956643028347,0.0
0.15688221813308542,0.747063181548903,0.006002055427768074,0.07473907024321418,0.0
0.0330620960148982,0.021692185778334032,0.9109585138451836,0.028399519886560524,0.0
0.046356707936112476,0.0041637351829800495,0.9153838545651688,0.028239614735268797,0.0
0.0018754140946957837,0.04497227189726921,0.9193895998974826,0.027962199266860492,0.0
0.038381236733243854,0.04382905581746894,0.8819967820141734,0.029655810692267907,0.0
0.7699365005748027,0.060852655618856964,0.08184458509584182,0.07250327900869644,0.0
0.007819581458541893,0.8975100920067822,0.005255262822761025,0.07421273140436527,0.0
0.034610028879561335,0.044476779947620476,0.8853051493542555,0.029501656010313182,0.0
0.4094192402988049,0.49175282374153595,0.007719833585653932,0.07561050557062887,0.0
0.03037557549296882,0.011198561010734801,0.9248559462429666,0.027800913152289445,0.0
0.06280427563022473,0.015511061416297663,0.8860231666982714,0.02954580946247777,0.0
0.04939636843099739,0.02907081516942936,0.8859046118055429,0.029518186086875443,-0.0
0.017539836520254468,0.03819676121706754,0.9099772388690631,0.028398922778187844,0.0
0.0796935565609091,0.0030638472620183655,0.8812932253077974,0.02978588466706022,-0.0
0.017207072077340478,0.025607751658145033,0.9235854385927209,0.02782590051653829,0.0
0.02968458634192601,0.0460022015954385,0.8889032737044367,0.02933639929088523,0.0
0.0663031322500999,0.8321032454177841,0.012430148817214923,0.07400331910332034,0.0
0.050205341400200894,0.01607711926699952,0.8987576582745371,0.028960700789883834,0.0
0.044495393657666776,0.00040933309536084217,0.9213059139973578,0.0279839443036114,0.0
0.29743028491485735,0.5892405624647251,0.023933495672424372,0.0741924843790997,0.0
0.042404387911422925,0.004695610871309201,0.9190034123456589,0.028073527751032154,0.0
0.024190601781934794,0.01853360964490463,0.9236627996574597,0.027836929213167345,-0.0
0.02971596597247612,0.007828455050949956,0.9291035635299624,0.02761904227501732,0.0
0.03560216760199568,0.05124691778741527,0.8771197668842627,0.029854673596627416,0.0
0.021374676929226476,0.02811394961084994,0.9165436820839058,0.028133002631835862,0.0
0.0443415922142205,0.027447057906574514,0.8929867729580927,0.029181868225538893,0.0
0.01819780775573378,0.04205499759580403,0.9052048290386984,0.02861255940387194,0.0
0.017473700118664538,0.03367919180763673,0.914803819119576,0.028196168850271708,0.0
0.03760491020280716,0.007071523406309414,0.9215687762050921,0.027955188815811546,0.0
0.059375946176270816,0.01834157323520006,0.8866704674092637,0.02950466240956102,0.0
0.02998249043322868,0.010591796507304059,0.9259104232421764,0.027755319437105547,0.0
0.25534839873885995,0.5712444459915879,0.08887263362432088,0.07016290327248138,0.0
0.7423851443676407,0.0929251909500647,0.07710700962454423,0.07268308377929394,0.0
0.009641219286608877,0.048737954737093046,0.9072095467888786,0.02850332056269929,-0.0
0.44519415002867097,0.3935352888717212,0.07488412756681777,0.07169560866389003,-0.0
0.07359931516574557,0.001319804781175232,0.8895924730700593,0.029401613450034936,0.0
0.01388453144004687,0.05799791650929467,0.8929750272852308,0.02911364390516684,0.0
0.03995742177489682,0.0076599764834825055,0.9184589324803768,0.028096055786630433,0.0
0.6936737388897043,0.1676156009288582,0.04932981246079077,0.07417451225746384,-0.0
0.010633670938191411,0.04726079975864602,0.9077175011453797,0.02848390837668953,0.0
0.02958812025604678,0.040404574524502426,0.8949069160792081,0.029078127468479556,0.0
0.0193406866569474,0.032995217791364245,0.9135492662332632,0.028255820764681888,-0.0
0.005656735359796666,0.043526424944480606,0.9169131834550409,0.028079730109397003,0.0
0.012880952962149287,0.07185684176573504,0.8794114033439682,0.029704394368171905,0.0
0.052610872419904926,0.04540429292451533,0.8652846127049572,0.030412522745390157,0.0
0.02293683284845167,0.021157136217236125,0.9222233448923619,0.027895115270974626,0.0
0.0016210177572718288,0.04245348952752478,0.9223083613128173,0.02784063337610424,0.0
0.009324651266544874,0.07324905277906894,0.8817044647655462,0.029596838805679846,0.0
0.011036195646192406,0.05608932908745677,0.8979858040587724,0.028901665867888233,0.0
0.3343041647779917,0.5040492720789704,0.07582955822581414,0.0712250913459608,0.0
0.012907764483183195,0.06554872748704935,0.8860326638692512,0.029420742123208454,0.0
0.020165832912704986,0.05590980405016254,0.8885452825960868,0.029311107494096423,0.0
0.012816924199350373,0.07675592422489162,0.8743126806661763,0.02992435583793874,0.0
0.02692766025341916,0.041903558067363234,0.8961386359821458,0.02901953275093637,0.0
0.3421743706651357,0.4925880328526585,0.07965857057175468,0.07102767452802389,0.0
0.5893770201352091,0.2610311267013996,0.06158761550441071,0.07303479525149965,0.0
0.003755692686929294,0.07931010608949964,0.8812016532866084,0.029605824126283403,-0.0
0.05981818255203813,0.022538720444964733,0.8817617639458153,0.029729107913742336,0.0
0.012192212519812715,0.050783358485800685,0.9023602978772688,0.028714341548979463,0.0
0.023134352329413254,0.022669422244441816,0.9204254103678657,0.027968731809185955,-0.0
0.017325404298240615,0.025078616117101247,0.9240194377424211,0.027806561337180426,0.0
0.028537089547029264,0.049351738962371654,0.8865898224201784,0.029429438029247957,-0.0
0.005014022408049396,0.06854422474110969,0.8912234841593654,0.029176755796833858,0.0
0.010260928024350165,0.030608723799748,0.9256589269871494,0.027718920269473965,0.0
0.008053470842913937,0.037158848061270185,0.9210900646633937,0.027907739848867644,0.0
0.001286077503816994,0.053500387035413564,0.9110214600193759,0.028320481954823628,0.0
0.028212833750146694,0.013383783999800556,0.9248387005866107,0.02779656536343852,-0.0
0.06405261751701817,0.02933059777362814,0.8701347171392602,0.030230424772502068,0.0
0.05298520175528089,0.00317660271092699,0.9094151415570866,0.028512681763849638,0.0
0.009767222007312885,0.04102323470557124,0.9152068069584222,0.02816237369401427,0.0
0.25979229645619534,0.557233610009401,0.0991462510750465,0.0695769063074995,0.0
0.025604242797324647,0.04330382847668787,0.8960809118232383,0.029003879906043438,0.0
0.0031798238112941525,0.07113491086105189,0.8904284963685132,0.029208852002842022,0.0
0.04939611634570807,0.032720165331639295,0.8820795275010156,0.02966536023661142,0.0
0.04889064426293495,0.012711865352050588,0.9037057790829284,0.02873710967870652,0.0
0.039364504407005355,0.027537753936424367,0.8981468000406753,0.02895350273376762,0.0
0.07080891221276149,0.7414293159749503,0.10519228144476708,0.06853618428649473,0.0
0.003612025752751455,0.03871380845349017,0.9241447831562228,0.02776737143585091,0.0
0.03514937001892557,0.005700808020559362,0.9256041313986075,0.02778063762534248,0.0
0.01060180343578693,0.05168472801892598,0.9030863206424742,0.028683420244487643,0.0
0.03338494967473291,0.05826058177447031,0.8720628513475449,0.03007190047698242,0.0
0.007168325524921106,0.032301934180922226,0.927145333083254,0.027646364958452744,0.0
0.019675221474713078,0.07832158133955973,0.8654008335578454,0.030331174535643504,0.0
0.0028796319541800866,0.05309157669732694,0.9097696638134289,0.028376446721580222,0.0
0.004576499070780406,0.06335527193183951,0.8971561830667402,0.028921248915285507,0.0
0.0006921831563141943,0.043558406261796974,0.9221256129730976,0.027846207006081848,0.0
0.2127835516761603,0.6950958062119406,0.0014754154653420157,0.07522960541127949,0.0
0.0041155435700887845,0.09504842922527837,0.8642431943159784,0.030323792189428135,0.0
0.022194268000749886,0.016721763055159395,0.9276810894235981,0.027661578429181412,0.0
0.0035873821874627247,0.03997005311308455,0.9228496948847518,0.02782039870269325,0.0
0.03018932732444817,0.007833683924864825,0.9285979824047627,0.027641567239600793,0.0
0.0,0.0,0.0,0.0,2.82989725481961e-25
0.027268774534157644,0.03606209892822423,0.9019342386897634,0.028773136286592,0.0
0.02671579423755888,0.045233095365898215,0.892866408782027,0.02914870647931491,0.0
0.007792245503374109,0.03760339533717933,0.9208944577226402,0.027917947996455854,0.0
0.02676420499690097,0.06421671531876613,0.8727844754502349,0.030024416777419145,0.0
0.026374958222661116,0.023565450383806575,0.9160522600691492,0.028166028369213874,0.0
0.49149761425460103,0.4092188708729684,0.0077946496072215585,0.07592499253182251,0.0
0.4319201885765428,0.42838866093525924,0.05169312886889031,0.07303188824168268,0.0
0.010581981846897676,0.03202199774478739,0.9238306744798831,0.027797312874483657,0.0
0.0829442477117345,0.7414549399701278,0.09205667847338928,0.0693441673692016,0.0
0.008674706396112718,0.05515443711651227,0.9014749013753505,0.028740990279486227,0.0
0.009322248775451661,0.046361919110270454,0.9100549973587646,0.028377837435857683,0.0
0.6040029338631829,0.24743645367304418,0.06040255643730899,0.07316209081434254,-0.0
0.015159374863309193,0.032259581466563464,0.918747747212544,0.028020968749818416,0.0
0.0061182415404304425,0.0348307620487223,0.9255879695134751,0.02771196089338433,0.0
0.011935109448931861,0.02826648990695338,0.9263592499209291,0.02769198924809686,0.0
0.0,0.0,0.0,3.076607389159786e-5,6.485613735730334e-27
0.014849906590317074,0.04341521685365617,0.9073139756804546,0.028511294306200384,0.0
0.039485467677445416,0.009376885065821931,0.9171525428452575,0.028147395198487763,0.0
0.09190430763797847,0.7306807798571421,0.0939655963853291,0.06926542654677058,0.0
0.03635670137357065,0.009089167733901412,0.920759482257781,0.02798843467569316,0.0
0.04641935712887282,0.015886944892006788,0.902957166295326,0.028774320178314352,-0.0
0.038276912814672645,0.02523148259956952,0.9016998929525073,0.02882022541363173,0.0
0.013369076454266953,0.06067759168433946,0.8906817345654316,0.029221141287237747,0.0
0.024205364496949048,0.03366553654476759,0.9077009265952825,0.028517259380260836,0.0
0.03364940215292966,0.00835155204664092,0.9244001273289065,0.027825139782384104,0.0
0.028325953387031994,0.04427574307118146,0.8921600739204609,0.029193149239747262,-0.0
0.04941878672527354,0.023770140745884853,0.8914760290183279,0.02927369200223257,0.0
0.0014223626341618556,0.0630006160918516,0.9008643101875555,0.02875494869689946,0.0
0.0012766401126210797,0.07249162111442334,0.8910205603511374,0.02917098853065462,-0.0
0.00919068501357092,0.04254402373606511,0.9142189446611533,0.02819885767330644,0.0
0.041936518178919545,0.007476212854113883,0.9165572822358227,0.028184708977814898,0.0
0.1779143494498526,0.6572607640377162,0.08000902890891237,0.07039730278324458,0.0
0.05322733579256138,0.013872835383022602,0.8978863044787845,0.029005426701149566,0.0
0.04565304084291986,0.03167418132701927,0.887131159066754,0.02944618960831471,0.0
0.014752323019287469,0.02473570071410292,0.9271010105918119,0.02766841020286843,0.0
0.01908223301119873,0.05550329132323318,0.8900971305854225,0.02925926444395628,0.0
0.016379418121836523,0.0511389587915452,0.897555749850892,0.02893265576019864,0.0
0.02853988165962317,0.008448834540898845,0.9296925320059773,0.02759128940004298,0.0
0.0540089452710283,0.0037061836387819675,0.9077691486645597,0.028589915951419784,0.0
0.0034344342439861716,0.06489241532301698,0.8967468930566028,0.028933175934195834,0.0
0.052115497266617995,0.006252533728521058,0.9070916688217536,0.028610520701588444,0.0
0.5438973504809382,0.28534654503945783,0.08462087937648789,0.07148593638695451,-0.0
0.003940256384206636,0.03984162300577417,0.922609769498601,0.02783328105792232,0.0
0.011500702463040554,0.08353191530584074,0.8685586308906447,0.030169857089712673,0.0
0.03271808436095825,0.05870210014890544,0.8723149678240005,0.030049770620912377,0.0
0.01820723574328679,0.04989646888532572,0.8969438617966401,0.028954961760814323,0.0
0.024649334859653586,0.024504173092560425,0.9168969472702424,0.02811797240356934,0.0
0.19497955371365172,0.699628400750766,0.015885123782045554,0.07428621757921082,0.0
0.0437392919642854,0.03378719039382425,0.8869246089822403,0.029452256614533236,-0.0
0.02166858715160055,0.017473110452248544,0.9274473408314209,0.02766836594127395,0.0
0.029199133308002816,0.7907581652770171,0.09708898102138286,0.06885537682753944,0.0
0.7190703911029156,0.16699866658663065,0.022451451117200438,0.07591393140489351,-0.0
0.033354588425541606,0.04597649401732534,0.8850552069131983,0.02950645735746157,-0.0
0.0876748666267391,0.004453234864139698,0.871385002024667,0.030234187987647505,0.0
0.363734872980883,0.500232503694751,0.04808634021536361,0.07298996714926298,0.0
0.0021101677999608697,0.03965550845500394,0.9247422118483274,0.02773631924100512,0.0
0.0045887051275233254,0.04853308217021061,0.9127683423029807,0.02825188028559238,0.0
0.588000666681723,0.2845962430007586,0.0376603581939375,0.07447605443906441,0.0
0.0030039495464049613,0.03973448661732644,0.9237120204926154,0.02778420728165625,0.0
0.023235304473738883,0.025384075656967157,0.9174537577665088,0.0280989025732126,-0.0
0.0,0.0,0.0,0.0,2.82989725481961e-25
0.013636559901390446,0.0776032294322446,0.8725570308510056,0.029998424514783933,-0.0
0.006591323435824677,0.03406385877408568,0.9258986007487979,0.02769796188060156,0.0
0.017949430922473017,0.02284260423666374,0.9257195102496549,0.027733083931129946,0.0
0.025520616780117685,0.0633259747032227,0.8750430103371338,0.02992087592342095,0.0
0.01594079310975116,0.031988592991541664,0.9182114232858731,0.0280426300080828,0.0
0.010891752687254778,0.043752965643591754,0.9111482801155034,0.028332933309902376,-0.0
0.3534712317364987,0.45616104849878064,0.1066540545073391,0.06948091184622407,0.0
0.056052434122960904,0.007406436318426772,0.9017258154415955,0.02884015201505886,-0.0
0.030786827343365478,0.04282064636584231,0.8910804287950297,0.029254574499853542,0.0
0.003848221192984518,0.03890381892694192,0.9236952162231212,0.02778687045593365,-0.0
0.03642382016678402,0.0334713489710652,0.894988939837042,0.02909098947739684,0.0
0.014584234442701254,0.06640890269664372,0.8833687711375682,0.02952713276054659,0.0
0.025565046550420408,0.012544159920063191,0.9285210216682583,0.02763390810232946,0.0
0.0,0.0,0.0,0.0,2.82989725481961e-25
0.005289512997564212,0.04632964338274862,0.9143522646339156,0.02818406748356484,0.0
0.020788985220354883,0.01821240221812673,0.9275976028576819,0.027660065585615356,0.0
0.015606503818009734,0.08468411186515022,0.8629999620443894,0.03042061431908742,0.0
0.038952772794718725,0.005690115484891319,0.9216006208275987,0.02795660220079013,0.0
0.015021958009192812,0.07994921514293264,0.8686313895730705,0.03016067608232289,-0.0
0.02998788803636976,0.03562620372360152,0.899521556050891,0.0288811727800756,0.0
0.5221276293690789,0.30810008824376744,0.0836672855949104,0.0714611848505182,0.0
0.004987813378256843,0.06040030794831993,0.8998359342227507,0.028807672439435925,0.0
0.0069406337955325035,0.03893508404103423,0.9203836373163546,0.027943504135527174,0.0
0.05999029476190446,0.02534411569623435,0.8786557163502743,0.02983687431139375,0.0
0.04283221822086646,0.0007693742414172476,0.9226817768688647,0.027923227253148733,-0.0
0.00795735643001943,0.03564852802897816,0.9227821554505501,0.027836236093222926,-0.0
0.015823201756308466,0.07329308623920366,0.8747885392243818,0.029908281004036634,0.0
0.014452650482552747,0.052033800547958246,0.898656955019496,0.028874983038566802,0.0
0.0009188988480288268,0.06360959361208045,0.900754645747677,0.028758418039741683,0.0
0.035287602204414174,0.013392015633343808,0.9173535805440031,0.028132101983525698,0.0
0.04213018761196459,0.016956159809040385,0.9063708862314512,0.02861277690000516,0.0
0.010599091919375392,0.0570521141794799,0.8974334834721762,0.028923906390920986,0.0
0.014083809993897894,0.058904865428541626,0.8917998474738331,0.02917104638744595,0.0
0.058943419543766994,0.007644915702052682,0.8984058343733399,0.02899890540882983,0.0
0.037408037835090266,0.017731728882059622,0.9105463979372911,0.028421807777239204,0.0
0.02654585277253306,0.03335217055624568,0.905547183824416,0.028622745555720534,0.0
0.0423726572280096,0.02208883609263678,0.9007171026867503,0.02884548009385795,0.0
0.024391856309106355,0.017309795819784222,0.9247432462341644,0.027788665324917007,-0.0
0.06194777359855209,0.004196491515528694,0.8988645283848716,0.028986666583288866,0.0
0.03348955526858381,0.042828145257465894,0.8882273688438045,0.02937391115354972,0.0
0.045819365252055516,0.03651288435381706,0.8818383890803659,0.029686019778678463,0.0
0.0314652966235723,0.8014342838151471,0.08315761298120639,0.06967545824719666,0.0
0.04136487522905267,0.029756002353066625,0.893691086160902,0.02915127706055759,0.0
0.03809277611648794,0.007506540727396331,0.9205956247688935,0.027997150022474077,0.0
0.03602120316366295,0.058124729322561644,0.8694170513782742,0.030193151999605646,0.0
0.0013806515223945357,0.055093309070513546,0.9092426910157371,0.02839665086438998,0.0
0.07769649733249395,0.014467014064979548,0.8714015936420555,0.03019128110699585,-0.0
0.6940126058936766,0.16336557247118255,0.053547922528007746,0.07392004454086744,0.0
0.2204951627858036,0.6107549627608296,0.0840273315712414,0.07031928572524006,0.0
0.04115439912241961,0.010434046815242948,0.9142688617719931,0.028278808125507517,0.0
0.04972428823488255,0.009070895681698133,0.9066483369527452,0.02862404187299244,0.0
0.02386522559087984,0.8179050579957903,0.07364944735860986,0.07020411594612146,0.0
0.0065494738279279745,0.08558586412798645,0.8716296257143397,0.030025001456139466,0.0
0.5844917074050429,0.3085478138069963,0.015610133075491044,0.0758088013240982,0.0
0.007588962439684258,0.04465569851121657,0.9136811126564968,0.02822206339750705,0.0
0.01554715796667026,0.03519808288629394,0.9152369829915817,0.028174863530139288,0.0
0.0006346642300792298,0.060877750254631914,0.9039347459102585,0.02862155243864479,0.0
0.08465513953225177,0.005332061154351835,0.8736768247264568,0.03010870928048935,0.0
0.41285062785791155,0.46223725483867845,0.03585060165915303,0.07391381972840506,-0.0
0.002090923229287092,0.04553747311383247,0.9185622062027744,0.028001098617770562,0.0
0.020166417004111786,0.03640827414803198,0.9090855517247503,0.02844361326350647,0.0
0.022601640376903355,0.018990597967816176,0.9248603319103764,0.02778222787468554,0.0
0.021908945098273236,0.02098926386972746,0.9234864214017343,0.027838941941437805,0.0
0.05336469103073806,0.01603761153365239,0.8954698613114843,0.029100973214046113,0.0
0.2284915983733428,0.6382448570769546,0.045768788334135516,0.0726175603616836,0.0
0.0,0.0,0.0,0.0,2.82989725481961e-25
0.06539249621236047,0.013125428486051865,0.8858080243420862,0.029556354887026577,-0.0
0.04811984839202327,0.024874562264913004,0.8916852580356303,0.029261433613886004,0.0
0.06080842478784531,0.03474566674544182,0.8678548921608007,0.030321337573667076,0.0
0.04848652030357178,0.013605057224003226,0.9031730869452178,0.028773237109067915,0.0
0.0007155304458480304,0.05027925117688979,0.9150233834590926,0.02814509484487826,-0.0
0.06961414003585056,0.005273806331535487,0.8896224533774483,0.029402419529283613,0.0
0.004374282567461335,0.08891123854863954,0.8704121409630815,0.03008099292393335,0.0
0.0,0.0,0.0,0.0,2.82989725481961e-25
0.004666021870458713,0.04878641566489919,0.9124171667839818,0.028268971664586726,0.0
0.005544397156774142,0.050125463587671414,0.9100796559720611,0.028369211310973527,0.0
0.007098337761076393,0.0378913437291951,0.9213276394390406,0.02789528445514306,0.0
0.022953747429833984,0.0263458729072838,0.9167378906534582,0.02812864098788766,0.0
0.0,0.0,0.0,3.133369093652744e-5,2.7913244878533895e-26
0.024610697395049754,0.02848620975543628,0.9127310021139767,0.02830354696726773,0.0
0.09649825930905082,0.7230075452460407,0.09725558800294276,0.06909064323986178,0.0
0.010563111945325072,0.05422264414943549,0.9004518742853892,0.02879625394560966,0.0
0.007925907078554272,0.06617319794517885,0.890668028864086,0.029189266578562897,0.0
0.021528929975832407,0.021302238583853703,0.9235582176308884,0.02783497679178723,0.0
0.014091760103143988,0.06042212244844765,0.8901951196822248,0.0292374458276223,0.0
0.03301581083960994,0.02131777092337986,0.9114022180264617,0.028380325506674003,0.0
0.007963194355773822,0.07123971404841233,0.8852790145647048,0.029427110681618324,0.0
0.03736044320998063,0.04079884180292459,0.8862742829481518,0.02946690455858126,-0.0
0.04178983739124609,0.01280007560012091,0.9111080386005099,0.028411855183334302,0.0
0.027096676804695356,0.01024160492843159,0.9293284662475517,0.02760340640352976,0.0
0.02660690523828354,0.0139580950816398,0.9259335949121803,0.027743814090506934,0.0
0.01806273916586029,0.07891822672289722,0.8664873223446247,0.03027241618714063,0.0
0.6880183638787125,0.1269098881152463,0.0993389423777994,0.07115024245360765,0.0
0.018430206498203865,0.05282295741124222,0.8936122469033647,0.029106785124079267,0.0
0.007701660534423591,0.045754074889351196,0.9124100021223785,0.028272248620200082,0.0
0.6733676100707676,0.1439256306487927,0.09686290037808871,0.07124252555094214,-0.0
0.04260820208335398,0.005824470394197172,0.9175954637372531,0.02813630472923316,0.0
0.0,0.0,0.0,0.0,2.82989725481961e-25
0.008606448749057884,0.05601330399619908,0.9006353337390236,0.028781747167365902,0.0
0.005751219697942315,0.03451457943581015,0.9263102422883924,0.027679375415705237,0.0
0.013481280380215043,0.042950308859381954,0.9092539431784588,0.028422539838060142,0.0
0.06053606762422086,0.012622545812001392,0.8914738025516814,0.029300719265652277,0.0
0.061028857439102455,0.010625090243074387,0.8930591141690991,0.029233433874763612,0.0
0.015145335736719364,0.033608611556392345,0.9173375388254492,0.028083693252060424,0.0
0.03445812769850735,0.051609259674810136,0.8779373245772734,0.029824610212593118,0.0
0.01839977673369941,0.0280936886733072,0.9197049678776589,0.027994329365532623,0.0
0.008268455119900034,0.04808849973076548,0.9093451097768611,0.028408749744150624,0.0
0.023027097160207094,0.04133995158518271,0.9008546781546659,0.028809380845519445,0.0
0.0012304978484362044,0.07181579951281422,0.8917748594169193,0.02914390257702229,-0.0
0.20543105485125218,0.6157441148703495,0.0949415565433781,0.06962363745576278,0.0
0.02762660749133309,0.014246231387449224,0.9245530697990603,0.027804479529823095,0.0
0.007028057897064982,0.06588946847817698,0.8918774174628784,0.029165473986470153,0.0
0.5304708278671983,0.3731351443710587,0.004473379549695763,0.0762823310084248,0.0
0.1132756482370791,0.7296011340985019,0.07202893473171608,0.07062903121819357,0.0
0.002337531011823056,0.06886953676424101,0.8937103260150131,0.029063590337106926,0.0
0.2386762296143113,0.583277070606864,0.09394536078180883,0.06980397239468847,0.0
0.05183286810456805,0.04206435650735692,0.8696305432020506,0.0302223564981698,0.0
0.026987411540225756,0.017999449129866455,0.9212743116609492,0.027941989085394275,0.0
0.6797041418065624,0.18056158906351163,0.05050431047852689,0.07404962382652892,0.0
0.01153764069550101,0.0361968726348819,0.9184218011122434,0.028029613310477288,0.0
0.001543531877104838,0.06248884898078264,0.9012763358750333,0.028737077112795825,-0.0
0.04503930769674487,0.007399937832420102,0.913362476173808,0.0283251857569609,0.0
0.034244271645474694,0.0230869004183328,0.9082392138750497,0.02851835289913327,0.0
0.052266690974107216,0.03690988605718412,0.8746083559423373,0.030007835669431014,0.0
0.044876114644733844,0.0033121301711634375,0.9178424300601296,0.028134105454470225,0.0
0.011267412841523482,0.0655016101369523,0.8878190374802104,0.0293382744984197,-0.0
0.018627188014660918,0.03860040155738925,0.9083842401429076,0.028483761904047406,0.0
0.0,0.0,0.0,3.5274684435189834e-5,3.202401880994055e-26
0.011314957837703176,0.8343571234950389,0.06951070629480069,0.07040075231948245,-0.0
0.03300856079110127,0.056104271329158475,0.8747500127417724,0.029943285016504922,0.0
0.0069403467445840515,0.04998083612957646,0.9087544069093461,0.028430856737885042,0.0
0.013349481126706537,0.037888910434161135,0.9147239772347285,0.0281914581919739,0.0
0.026070831507623456,0.020833454034947185,0.91924997537006,0.02803112944017236,0.0
0.0031728957989862073,0.03651961238940223,0.9269182019019325,0.02765040946394877,0.0
0.007040078465166047,0.05579116070423066,0.902529368892934,0.02869377232999914,0.0
0.059651575830649464,0.005158833127044014,0.9002777320359538,0.028920484215559792,0.0
0.05857231217316041,0.007417046212906492,0.8990313803157349,0.028976632963741585,0.0
0.03379174903886893,0.010451449436689915,0.9220371351783124,0.027925919752865572,0.0
0.003915794128771995,0.047195022853061555,0.9148889796437962,0.028160353728984514,0.0
0.01927288560110107,0.024402034205368506,0.922675903944427,0.027867185648334607,0.0
0.01531030917120725,0.034176740498137875,0.9165684837920933,0.028113756617986707,0.0
0.2408043470764225,0.6595168619248886,0.009490469512829383,0.07485042253475982,0.0
0.01732590916436171,0.02624673898354986,0.9227927454706563,0.027855093690340917,-0.0
0.020794376919748888,0.03357481736941593,0.911401762069971,0.028351118230663185,0.0
0.05391119011811404,0.013592942635915317,0.8974579700448556,0.029025750048411497,0.0
0.007670028296049392,0.05150896221761026,0.9063654307752734,0.028540202285794864,0.0
0.03020696882441809,0.01423773676716846,0.9218272949127402,0.027932789333736732,-0.0
0.02312979599421933,0.020425513781165427,0.922793483754294,0.027868885988916042,0.0
0.040448356752577845,0.03599152300861664,0.8880569082623879,0.02941380493499895,0.0
0.0264799001904867,0.0626474882055718,0.8747456477904968,0.029934711690494088,0.0
0.0,0.0,0.0,0.0,2.82989725481961e-25
0.0262917333869525,0.04970986959893551,0.8885924086022806,0.02933330449332141,-0.0
0.01637135016658466,0.05812316121983243,0.8902014412958645,0.02924819971433558,-0.0
0.2094184296479008,0.6052431044612132,0.10192987721120263,0.06922999267544588,0.0
0.00577289080983681,0.07182417244187268,0.8869767497902431,0.029350435267100936,0.0
0.050283110715477586,0.019256925128880945,0.8953205911010217,0.029110426473926247,0.0
0.042889472116257654,0.021856440105148485,0.9004092054706273,0.028864966689015597,0.0
0.0022233107676521246,0.044136812712056876,0.9198983116252994,0.02794448451235472,0.0
0.0016104474469260974,0.07284269124115547,0.8902904376847205,0.02920862775475393,0.0
0.0,0.0,0.0,0.0,2.82989725481961e-25
0.016938220118196918,0.07447612358445554,0.8723578030115692,0.030018893876861744,-0.0
0.026955406388988266,0.053829274202056514,0.8835364089708376,0.029560834130560865,0.0
0.026415397039666364,0.015135049756682933,0.9249030180423823,0.02778159074566137,0.0
0.034291609639578,0.0501594034883697,0.8796364601436464,0.02975547741974428,0.0
0.018462084059004805,0.039054882124539315,0.9080985633315193,0.028480959914363183,-0.0
0.014846409968174391,0.02509149988045126,0.9266267286843655,0.02768877178413684,0.0
0.03782972873765489,0.03163502861395036,0.8954263064482364,0.029084986358006996,0.0
0.030788895085790673,0.03691116511935219,0.8973170257680922,0.028980046037292866,0.0
0.022091561403756826,0.01625176056891758,0.9282825188476617,0.02763757349827993,-0.0
0.011849437389818019,0.035149701433517935,0.9191957916178383,0.027997381316056266,0.0
0.023985237116087233,0.020104116408004778,0.9222243163764706,0.027898134598204727,-0.0
0.017661975847488916,0.03285223834620477,0.9154671710283944,0.028175437725688673,0.0
0.012621849941716036,0.059024802061749926,0.8932267143150174,0.029100386722337626,0.0
0.010652816970071982,0.038559069058536455,0.9168654226642671,0.02809552715056291,0.0
0.023084886687557746,0.01832495978457341,0.9250510837001211,0.027775245508911528,0.0
0.05705423699800249,0.003567020566330443,0.9047015291080164,0.02872471555674121,0.0
0.054887932430974944,0.0009190500342541047,0.9097872300531262,0.028498311033085796,0.0
0.031003119778989202,0.03915113067270204,0.8947400399133243,0.029082670221800434,0.0
0.0016396424375193913,0.051035952916366145,0.9132482699085027,0.028223769311624985,-0.0
0.081158209077967,0.004764435347509172,0.8779503684412742,0.029934035848994116,0.0
0.03652422170614531,0.004545341539162153,0.9253752625492527,0.02778863381395065,0.0
0.03279585720194973,0.023249394067795724,0.9096063847634451,0.028450677135237478,0.0
0.01246430720954037,0.03580942598846705,0.9178508544290378,0.02805608345744652,0.0
0.04025836036226595,0.021080328609162834,0.903999339209188,0.028712222654921783,0.0
0.036706038815584506,0.06234745640599049,0.8642398157512172,0.030418108982428936,0.0
