0.0,0.0,0.9687330506855505,0.02587858839544432,0.0
0.0,0.0,0.9687330506544126,0.025878588421005305,0.0
0.0,0.0,0.0,0.0,2.619400813680616e-25
0.0,0.0,0.9687330513944129,0.025878587813543272,-0.0
0.0,0.0,0.968733050685557,0.025878588395438985,0.0
0.0,0.0,0.9687330506989154,0.02587858838447322,0.0
0.0,0.0,0.9687330506855055,0.02587858839548123,0.0
0.0,0.0,0.9687330506857034,0.02587858839531886,0.0
0.0,0.0,0.9687330553528766,0.02587858456406348,0.0
0.0,0.0,0.9687330506928788,0.025878588389428716,0.0
0.0,0.0,0.9687330506856727,0.025878588395344168,0.0
0.0,0.0,0.9687330506855459,0.02587858839544823,-0.0
0.0,0.0,0.9687330506855476,0.025878588395446683,0.0
0.0,0.0,0.968733050685738,0.02587858839529049,0.0
0.0,0.0,0.9687330511656046,0.025878588001370703,0.0
0.0,0.0,0.9687330506855504,0.025878588395444605,0.0
0.0,0.0,0.9687330506852826,0.025878588395664336,0.0
0.0,0.0,0.9687330506907621,0.02587858839116619,0.0
0.0,0.0,0.9687330506695921,0.02587858840854472,0.0
0.0,0.0,0.9687330506855295,0.025878588395461692,0.0
0.0,0.0,0.9687330506855498,0.025878588395444768,0.0
0.0,0.0,0.9687330506868106,0.02587858839440989,0.0
0.0,0.0,0.9687330506855509,0.02587858839544397,0.0
0.0,0.0,0.9687330506763748,0.02587858840297674,0.0
0.0,0.0,0.0,0.0,2.619400813680616e-25
0.0,0.0,0.96873305068555,0.025878588395444737,0.0
0.0,0.0,0.968733050690687,0.025878588391227825,0.0
0.0,0.0,0.9687330506855342,0.0258785883954577,0.0
0.0,0.0,0.9687330508447743,0.025878588264738583,0.0
0.0,0.0,0.0,0.0,2.619400813680616e-25
0.0,0.0,0.968733050690358,0.025878588391497856,0.0
0.0,0.0,0.9687330506904923,0.02587858839138759,-0.0
0.0,0.0,0.9687330506855498,0.025878588395444935,0.0
0.0,0.0,0.968733050690828,0.025878588391111925,0.0
0.0,0.0,0.0,0.0,2.619400813680616e-25
0.0,0.0,0.9687330506855761,0.025878588395423424,0.0
0.0,0.0,0.9687330506855033,0.025878588395483064,0.0
0.0,0.0,0.9687330506855251,0.02587858839546517,0.0
0.0,0.0,0.9687330506855453,0.025878588395448737,-0.0
0.0,0.0,0.9687330506877411,0.025878588393646124,-0.0
0.0,0.0,0.0,0.0,2.619400813680616e-25
0.0,0.0,0.0,0.0,2.619400813680616e-25
0.0,0.0,0.9687330506855498,0.025878588395444827,0.0
0.0,0.0,0.9687330508241107,0.02587858828170109,0.0
0.0,0.0,0.9687330506889711,0.025878588392636417,-0.0
0.0,0.0,0.9687330506878615,0.025878588393547387,-0.0
0.0,0.0,0.9687330506857934,0.025878588395244883,0.0
0.0,0.0,0.9687330506855496,0.0258785883954451,-0.0
0.0,0.0,0.9687330506897917,0.025878588391962696,0.0
0.0,0.0,0.9687330506871479,0.025878588394133175,0.0
0.0,0.0,0.9687330506881333,0.0258785883933243,0.0
0.0,0.0,0.9687330506854828,0.025878588395499943,0.0
0.0,0.0,0.9687330506894325,0.025878588392257755,0.0
0.0,0.0,0.9687330506855498,0.025878588395444786,0.0
0.0,0.0,0.9687330506878601,0.025878588393548438,0.0
0.0,0.0,0.9687330506858193,0.025878588395223782,0.0
0.0,0.0,0.9687330541860576,0.025878585521898374,0.0
0.0,0.0,0.9687330506855304,0.025878588395460932,0.0
0.0,0.0,0.9687330506855497,0.025878588395444938,0.0
0.0,0.0,0.9687330506854688,0.02587858839551134,0.0
0.0,0.0,0.9687330506854746,0.025878588395506746,-0.0
0.0,0.0,0.9687330506855555,0.0258785883954403,0.0
0.0,0.0,0.96873305068555,0.02587858839544468,0.0
0.0,0.0,0.96873305068555,0.02587858839544458,0.0
0.0,0.0,0.9687330506855409,0.02587858839545224,0.0
0.0,0.0,0.9687330506878044,0.025878588393594297,0.0
0.0,0.0,0.9687330506855494,0.02587858839544514,-0.0
0.0,0.0,0.968733050686036,0.025878588395045768,0.0
0.0,0.0,0.9687330506860549,0.025878588395030478,0.0
0.0,0.0,0.9687330543708036,0.025878585370241416,0.0
0.0,0.0,0.9687330506855494,0.025878588395445233,0.0
0.0,0.0,0.9687330506855505,0.025878588395444355,0.0
0.0,0.0,0.9687330507589187,0.025878588335216845,0.0
0.0,0.0,0.0,0.0,2.619400813680616e-25
0.0,0.0,0.9687330506855429,0.02587858839545072,0.0
0.0,0.0,0.9687330507128236,0.025878588373056042,0.0
0.0,0.0,0.968733050687386,0.025878588393937616,0.0
0.0,0.0,0.9687330506854355,0.02587858839553885,0.0
0.0,0.0,0.9687330506855507,0.02587858839544422,0.0
0.0,0.0,0.9687330528157344,0.025878586646788826,0.0
0.0,0.0,0.9687330506854641,0.025878588395515146,0.0
0.0,0.0,0.9687330506858605,0.025878588395189837,0.0
0.0,0.0,0.9687330506855601,0.0258785883954366,0.0
0.0,0.0,0.9687330506855232,0.025878588395466785,0.0
0.0,0.0,0.0,0.0,2.619400813680616e-25
0.0,0.0,0.9687330506854759,0.02587858839550567,0.0
0.0,0.0,0.9687330506855427,0.025878588395450767,0.0
0.0,0.0,0.9687330506855063,0.025878588395480677,0.0
0.0,0.0,0.9687330507030819,0.025878588381052947,0.0
0.0,0.0,0.9687330503733494,0.025878588651728728,-0.0
0.0,0.0,0.9687330505831558,0.02587858847949962,0.0
0.0,0.0,0.9687330506855452,0.025878588395448775,0.0
0.0,0.0,0.9687330506900308,0.025878588391766516,0.0
0.0,0.0,0.9687330506855498,0.025878588395444903,0.0
0.0,0.0,0.9687330506854465,0.025878588395529718,-0.0
0.0,0.0,0.9687330505678872,0.025878588492033568,0.0
0.0,0.0,0.9687330553396706,0.025878584574904225,0.0
0.0,0.0,0.9687330506880186,0.02587858839341831,0.0
0.0,0.0,0.9687330507165767,0.025878588369975284,0.0
0.0,0.0,0.9687330506855074,0.025878588395479712,0.0
0.0,0.0,0.9687330506854887,0.02587858839549512,0.0
0.0,0.0,0.9687330506869746,0.025878588394275374,-0.0
0.0,0.0,0.968733051803813,0.025878587477469284,0.0
0.0,0.0,0.9687330506855504,0.025878588395444425,0.0
0.0,0.0,0.0,0.0,2.619400813680616e-25
0.0,0.0,0.9687330506855477,0.02587858839544664,0.0
0.0,0.0,0.9687330506996499,0.02587858838387031,0.0
0.0,0.0,0.9687330506876309,0.025878588393736735,0.0
0.0,0.0,0.9687330506860634,0.02587858839502337,0.0
0.0,0.0,0.9687330506855519,0.02587858839544316,0.0
0.0,0.0,0.9687330506875275,0.025878588393821497,0.0
0.0,0.0,0.9687330506900835,0.02587858839172314,0.0
0.0,0.0,0.9687330506855503,0.025878588395444387,0.0
0.0,0.0,0.9687330506854785,0.025878588395503364,0.0
0.0,0.0,0.9687330506872374,0.02587858839405978,0.0
0.0,0.0,0.9687330506873355,0.0258785883939791,0.0
0.0,0.0,0.9687330506854815,0.025878588395500834,0.0
0.0,0.0,0.9687330506855363,0.025878588395456103,0.0
0.0,0.0,0.9687330506855505,0.025878588395444508,0.0
0.0,0.0,0.9687330507272586,0.025878588361206746,0.0
0.0,0.0,0.9687330531393227,0.02587858638115695,0.0
0.0,0.0,0.9687330506855324,0.025878588395459215,-0.0
0.0,0.0,0.9687330506855487,0.02587858839544586,0.0
0.0,0.0,0.9687330506852488,0.025878588395692202,0.0
0.0,0.0,0.9687330506855444,0.025878588395449507,0.0
0.0,0.0,0.9687330506855487,0.02587858839544569,0.0
0.0,0.0,0.9687330506854769,0.025878588395504793,0.0
0.0,0.0,0.968733050685551,0.025878588395443863,0.0
0.0,0.0,0.9687330506855079,0.025878588395479424,-0.0
0.0,0.0,0.9687330506855496,0.025878588395445205,0.0
0.0,0.0,0.968733050686986,0.025878588394266096,-0.0
0.0,0.0,0.968733050828226,0.025878588278323008,0.0
0.0,0.0,0.9687330506855323,0.025878588395459357,0.0
0.0,0.0,0.9687330506787619,0.02587858840101705,0.0
0.0,0.0,0.9687330506855388,0.025878588395454,0.0
0.0,0.0,0.968733050913236,0.02587858820853867,0.0
0.0,0.0,0.9687330506893025,0.025878588392364607,-0.0
0.0,0.0,0.9687330506855415,0.02587858839545181,0.0
0.0,0.0,0.9687330506855512,0.025878588395443724,0.0
0.0,0.0,0.9687330506859743,0.025878588395096512,0.0
0.0,0.0,0.96873305068555,0.025878588395444744,0.0
0.0,0.0,0.9687330506854658,0.025878588395513925,0.0
0.0,0.0,0.968733050676518,0.025878588402858935,0.0
0.0,0.0,0.9687330506871027,0.02587858839417033,0.0
0.0,0.0,0.9687330506859421,0.02587858839512288,0.0
0.0,0.0,0.9687330506855512,0.025878588395443918,0.0
0.0,0.0,0.9687330506871925,0.025878588394096427,0.0
0.0,0.0,0.9687330506855394,0.02587858839545364,0.0
0.0,0.0,0.9687330506855484,0.025878588395446003,0.0
0.0,0.0,0.9687330506855959,0.025878588395407173,-0.0
0.0,0.0,0.9687330506855437,0.02587858839544989,0.0
0.0,0.0,0.9687330507656198,0.025878588329716044,0.0
0.0,0.0,0.9687330506855502,0.025878588395444477,0.0
0.0,0.0,0.9687330507019024,0.025878588382021228,0.0
0.0,0.0,0.9687330506854397,0.025878588395535466,0.0
0.0,0.0,0.9687330506856223,0.02587858839538543,0.0
0.0,0.0,0.9687330506879278,0.02587858839349304,0.0
0.0,0.0,0.9687330506884014,0.025878588393104224,0.0
0.0,0.0,0.9687330515968314,0.025878587647379124,0.0
0.0,0.0,0.968733050685551,0.02587858839544374,0.0
0.0,0.0,0.9687330506855525,0.025878588395442728,-0.0
0.0,0.0,0.9687330506898064,0.02587858839195058,-0.0
0.0,0.0,0.96873305068555,0.025878588395444664,0.0
0.0,0.0,0.9687330506854375,0.025878588395537114,0.0
0.0,0.0,0.9687330511856356,0.025878587984927398,0.0
0.0,0.0,0.9687330506855077,0.025878588395479407,-0.0
0.0,0.0,0.9687330504234377,0.02587858861061131,0.0
0.0,0.0,0.9687330502581165,0.025878588746322612,0.0
0.0,0.0,0.9687330506855155,0.025878588395472968,0.0
0.0,0.0,0.9687330506861226,0.025878588394974894,0.0
0.0,0.0,0.9687330506855498,0.025878588395444903,0.0
0.0,0.0,0.9687330506855863,0.025878588395415045,0.0
0.0,0.0,0.9687330506855556,0.025878588395440286,0.0
0.0,0.0,0.0,0.0,2.619400813680616e-25
0.0,0.0,0.9687330506855498,0.025878588395444827,0.0
0.0,0.0,0.9687330506738233,0.025878588405071394,0.0
0.0,0.0,0.9687330506855505,0.025878588395444505,0.0
0.0,0.0,0.0,0.0,2.619400813680616e-25
0.0,0.0,0.9687330506855504,0.025878588395444522,-0.0
0.0,0.0,0.9687330506855499,0.02587858839544479,0.0
0.0,0.0,0.9687330506855514,0.025878588395443523,0.0
0.0,0.0,0.9687330506855092,0.025878588395478363,0.0
0.0,0.0,0.9687330506855452,0.02587858839544884,0.0
0.0,0.0,0.0,0.0,2.619400813680616e-25
0.0,0.0,0.9687330506856057,0.0258785883953992,0.0
0.0,0.0,0.9687330506854731,0.02587858839550795,-0.0
0.0,0.0,0.9687330506855505,0.02587858839544443,-0.0
0.0,0.0,0.9687330506855525,0.02587858839544266,0.0
0.0,0.0,0.9687330506896831,0.025878588392051927,0.0
0.0,0.0,0.9687330506848376,0.025878588396029818,0.0
0.0,0.0,0.9687330506875188,0.02587858839382853,0.0
0.0,0.0,0.9687330506897841,0.02587858839196898,0.0
0.0,0.0,0.9687330506884965,0.025878588393026015,-0.0
0.0,0.0,0.9687330507716133,0.025878588324795733,0.0
0.0,0.0,0.9687330506858501,0.025878588395198316,0.0
0.0,0.0,0.9687330506888729,0.025878588392716916,0.0
0.0,0.0,0.9687330506855494,0.02587858839544514,-0.0
0.0,0.0,0.9687330506854055,0.0258785883955635,0.0
0.0,0.0,0.9687330506855133,0.02587858839547487,0.0
0.0,0.0,0.9687330506855494,0.025878588395445264,0.0
0.0,0.0,0.9687330506855826,0.025878588395418112,0.0
0.0,0.0,0.9687330506855691,0.025878588395429232,0.0
0.0,0.0,0.968733056151331,0.025878583908616942,0.0
0.0,0.0,0.9687330506855508,0.02587858839544415,0.0
0.0,0.0,0.9687330507716568,0.025878588324760216,0.0
0.0,0.0,0.9687330506861767,0.025878588394930555,0.0
0.0,0.0,0.9687330506351133,0.025878588436847913,0.0
0.0,0.0,0.0,0.0,2.619400813680616e-25
0.0,0.0,0.9687330506864728,0.02587858839468734,0.0
0.0,0.0,0.9687330506855489,0.02587858839544552,0.0
0.0,0.0,0.9687330506855506,0.02587858839544412,0.0
0.0,0.0,0.9687330537486414,0.025878585880970868,0.0
0.0,0.0,0.9687330504986796,0.025878588548845678,-0.0
0.0,0.0,0.968733050685246,0.025878588395694277,0.0
0.0,0.0,0.9687330507529708,0.025878588340099467,-0.0
0.0,0.0,0.968733050685551,0.02587858839544372,0.0
0.0,0.0,0.9687330515258504,0.02587858770564702,-0.0
0.0,0.0,0.9687330506855488,0.025878588395445653,0.0
0.0,0.0,0.9687330542115209,0.025878585500995706,0.0
0.0,0.0,0.968733050685614,0.025878588395392237,-0.0
0.0,0.0,0.9687330507600391,0.025878588334297122,0.0
0.0,0.0,0.9687330506855505,0.02587858839544446,0.0
0.0,0.0,0.9687330495099481,0.02587858936048952,0.0
0.0,0.0,0.9687330507062247,0.025878588378473132,0.0
0.0,0.0,0.968733050675254,0.025878588403896795,0.0
0.0,0.0,0.9687330506407039,0.02587858843225864,0.0
0.0,0.0,0.9687330506855234,0.025878588395466664,0.0
0.0,0.0,0.9687330506855026,0.02587858839548352,0.0
0.0,0.0,0.9687330506855499,0.025878588395444803,0.0
0.0,0.0,0.9687330506855081,0.02587858839547922,-0.0
0.0,0.0,0.9687330506855673,0.025878588395430634,0.0
0.0,0.0,0.968733050686295,0.025878588394833354,0.0
0.0,0.0,0.9687330507637002,0.025878588331291665,0.0
0.0,0.0,0.9687330506855314,0.025878588395460016,0.0
0.0,0.0,0.9687330506855505,0.02587858839544441,-0.0
0.0,0.0,0.9687330506906962,0.025878588391220307,0.0
0.0,0.0,0.9687330506895823,0.025878588392134843,0.0
0.0,0.0,0.9687330506547971,0.02587858842068986,0.0
0.0,0.0,0.9687330497819587,0.025878589137197636,0.0
0.0,0.0,0.9687330506891797,0.025878588392465186,0.0
0.0,0.0,0.9687330506857542,0.02587858839527725,0.0
0.0,0.0,0.9687330506871102,0.025878588394164043,0.0
0.0,0.0,0.9687330506956014,0.02587858838719374,0.0
0.0,0.0,0.9687330506871102,0.02587858839416415,0.0
0.0,0.0,0.9687330506855346,0.025878588395457616,0.0
0.0,0.0,0.9687330506904676,0.02587858839140807,0.0
0.0,0.0,0.968733050685553,0.025878588395442183,0.0
0.0,0.0,0.9687330506854254,0.025878588395547037,0.0
0.0,0.0,0.9687330506876302,0.025878588393737217,0.0
0.0,0.0,0.9687330517496683,0.025878587521916237,0.0
0.0,0.0,0.9687330506855503,0.02587858839544462,0.0
0.0,0.0,0.9687330506855422,0.025878588395451332,0.0
0.0,0.0,0.9687330506854319,0.025878588395541795,0.0
0.0,0.0,0.968733050685551,0.02587858839544398,0.0
0.0,0.0,0.9687330506889773,0.025878588392631303,0.0
0.0,0.0,0.9687330506856219,0.025878588395385736,-0.0
0.0,0.0,0.9687330506855499,0.025878588395444675,0.0
0.0,0.0,0.9687330506854354,0.025878588395539023,0.0
0.0,0.0,0.9687330506851913,0.025878588395739328,-0.0
0.0,0.0,0.9687330506855503,0.025878588395444414,0.0
0.0,0.0,0.9687330506855488,0.02587858839544563,0.0
0.0,0.0,0.9687330546107076,0.025878585173305494,0.0
0.0,0.0,0.9687330506856355,0.025878588395374613,-0.0
0.0,0.0,0.9687330506855495,0.025878588395445115,0.0
0.0,0.0,0.9687330506859182,0.02587858839514249,0.0
0.0,0.0,0.9687330506855494,0.025878588395445136,0.0
0.0,0.0,0.9687330506857301,0.025878588395297032,0.0
0.0,0.0,0.9687330506857251,0.02587858839530099,0.0
0.0,0.0,0.968733050687289,0.025878588394017195,0.0
0.0,0.0,0.9687330506855516,0.025878588395443478,0.0
0.0,0.0,0.9687330506576186,0.025878588418373615,0.0
0.0,0.0,0.9687330522694528,0.025878587095228126,0.0
0.0,0.0,0.9687330507205729,0.02587858836669473,0.0
0.0,0.0,0.9687330506859057,0.02587858839515288,0.0
0.0,0.0,0.9687330506854739,0.02587858839550736,0.0
0.0,0.0,0.0,0.0,2.619400813680616e-25
0.0,0.0,0.9687330506881919,0.02587858839327606,0.0
0.0,0.0,0.9687330506180551,0.025878588450851104,0.0
0.0,0.0,0.9687330506896483,0.02587858839208073,0.0
0.0,0.0,0.9687330506855497,0.025878588395444855,0.0
0.0,0.0,0.9687330506855801,0.025878588395420163,0.0
0.0,0.0,0.9687330506855507,0.025878588395443995,-0.0
0.0,0.0,0.9687330506910075,0.025878588390964755,-0.0
0.0,0.0,0.0,0.0,2.619400813680616e-25
0.0,0.0,0.9687330506855487,0.02587858839544571,0.0
0.0,0.0,0.9687330506855107,0.025878588395477062,0.0
0.0,0.0,0.9687330506855517,0.025878588395443585,0.0
0.0,0.0,0.9687330506855505,0.025878588395444345,-0.0
0.0,0.0,0.9687330506855796,0.02587858839542046,0.0
0.0,0.0,0.9687330506855327,0.02587858839545897,-0.0
0.0,0.0,0.9687330506855502,0.025878588395444664,0.0
0.0,0.0,0.9687330506855857,0.02587858839541557,0.0
0.0,0.0,0.9687330506855478,0.025878588395446423,-0.0
0.0,0.0,0.9687330506870052,0.025878588394250224,0.0
0.0,0.0,0.9687330505845917,0.025878588478320974,0.0
0.0,0.0,0.96873305068555,0.025878588395444612,0.0
0.0,0.0,0.9687330506855141,0.025878588395474206,0.0
0.0,0.0,0.96873305068555,0.025878588395444744,0.0
0.0,0.0,0.9687330506855502,0.025878588395444747,0.0
0.0,0.0,0.9687330506855499,0.02587858839544467,0.0
0.0,0.0,0.9687330562231539,0.02587858384965752,0.0
0.0,0.0,0.9687330506855402,0.02587858839545278,-0.0
0.0,0.0,0.9687330506855492,0.025878588395445472,0.0
0.0,0.0,0.9687330506855071,0.025878588395480028,0.0
0.0,0.0,0.9687330506854407,0.025878588395534495,0.0
0.0,0.0,0.9687330511713511,0.02587858799665342,0.0
0.0,0.0,0.9687330506854358,0.025878588395538644,0.0
0.0,0.0,0.9687330506853744,0.025878588395589004,0.0
0.0,0.0,0.9687330506854405,0.025878588395534842,0.0
0.0,0.0,0.9687330506855513,0.02587858839544375,0.0
0.0,0.0,0.9687330506859038,0.025878588395154507,0.0
0.0,0.0,0.9687330506863213,0.02587858839481163,0.0
0.0,0.0,0.9687330506855507,0.025878588395444296,0.0
0.0,0.0,0.9687330509531606,0.025878588175764668,0.0
0.0,0.0,0.9687330506855503,0.025878588395444584,0.0
0.0,0.0,0.96873305068555,0.025878588395444872,0.0
0.0,0.0,0.9687330506855389,0.02587858839545384,-0.0
0.0,0.0,0.9687330506854895,0.025878588395494364,0.0
0.0,0.0,0.9687330506856141,0.02587858839539231,-0.0
0.0,0.0,0.9687330506854708,0.0258785883955098,0.0
0.0,0.0,0.9687330506854563,0.025878588395521637,0.0
0.0,0.0,0.9687330506855572,0.025878588395439012,0.0
0.0,0.0,0.968733050685475,0.025878588395506295,0.0
0.0,0.0,0.9687330506859729,0.02587858839509775,-0.0
0.0,0.0,0.9687330506855031,0.025878588395483404,-0.0
0.0,0.0,0.9687330505848958,0.025878588478071278,0.0
0.0,0.0,0.9687330506895119,0.025878588392192505,0.0
0.0,0.0,0.9687330506859563,0.025878588395111212,0.0
0.0,0.0,0.9687330506903759,0.025878588391483288,0.0
0.0,0.0,0.9687330506855512,0.025878588395443766,0.0
0.0,0.0,0.9687330506855489,0.025878588395445656,-0.0
0.0,0.0,0.0,0.0,2.619400813680616e-25
0.0,0.0,0.968733050668019,0.025878588409835947,0.0
0.0,0.0,0.9687330506855494,0.025878588395445257,0.0
0.0,0.0,0.9687330507364614,0.02587858835365194,0.0
0.0,0.0,0.9687330506854803,0.0258785883955019,0.0
0.0,0.0,0.9687330506883981,0.025878588393106895,-0.0
0.0,0.0,0.9687330506855487,0.0258785883954459,0.0
0.0,0.0,0.968733050685549,0.0258785883954454,-0.0
0.0,0.0,0.9687330506854803,0.025878588395502066,0.0
0.0,0.0,0.9687330506855506,0.025878588395444223,0.0
0.0,0.0,0.96873305068555,0.025878588395444616,0.0
0.0,0.0,0.9687330506855505,0.025878588395444418,0.0
0.0,0.0,0.9687330495801807,0.025878589302836014,0.0
0.0,0.0,0.9687330506855505,0.02587858839544438,0.0
0.0,0.0,0.9687330506859347,0.025878588395128833,-0.0
0.0,0.0,0.9687330505876656,0.025878588475797444,0.0
0.0,0.0,0.9687330506855504,0.025878588395444442,0.0
0.0,0.0,0.9687330506855543,0.02587858839544116,0.0
0.0,0.0,0.9687330506903361,0.025878588391515737,0.0
0.0,0.0,0.9687330538819293,0.025878585771555423,0.0
0.0,0.0,0.9687330506855524,0.02587858839544279,0.0
0.0,0.0,0.9687330506855502,0.025878588395444463,0.0
0.0,0.0,0.9687330508566494,0.025878588254990346,-0.0
0.0,0.0,0.9687330506902212,0.025878588391610096,0.0
0.0,0.0,0.9687330506854535,0.02587858839552392,0.0
0.0,0.0,0.9687330506867473,0.025878588394461777,0.0
0.0,0.0,0.9687330506883167,0.025878588393173634,0.0
0.0,0.0,0.9687330506854972,0.025878588395488143,0.0
0.0,0.0,0.9687330506875383,0.025878588393812647,0.0
0.0,0.0,0.968733050686143,0.025878588394958053,0.0
0.0,0.0,0.9687330506854458,0.025878588395530273,0.0
0.0,0.0,0.9687330506854737,0.02587858839550735,0.0
0.0,0.0,0.9687330506866741,0.025878588394522138,0.0
0.0,0.0,0.968733050685642,0.025878588395369422,-0.0
0.0,0.0,0.9687330506907047,0.025878588391213243,0.0
0.0,0.0,0.0,0.0,2.619400813680616e-25
0.0,0.0,0.9687330506907942,0.02587858839113989,0.0
0.0,0.0,0.9687330506855234,0.025878588395466577,0.0
0.0,0.0,0.968733050686081,0.025878588395008856,0.0
0.0,0.0,0.9687330506854956,0.025878588395489267,0.0
0.0,0.0,0.9687330507239701,0.02587858836390604,0.0
0.0,0.0,0.9687330506882179,0.02587858839325475,0.0
0.0,0.0,0.9687330506861297,0.02587858839496897,0.0
0.0,0.0,0.9687330506855493,0.025878588395445472,0.0
0.0,0.0,0.9687330506856655,0.02587858839535,0.0
0.0,0.0,0.9687330506882115,0.025878588393259964,0.0
0.0,0.0,0.9687330506883247,0.025878588393167003,0.0
0.0,0.0,0.9687330506857392,0.02587858839528959,-0.0
0.0,0.0,0.9687330506903644,0.025878588391492655,-0.0
0.0,0.0,0.9687330506871009,0.025878588394171658,0.0
0.0,0.0,0.9687330506855507,0.025878588395444286,0.0
0.0,0.0,0.9687330506901108,0.025878588391700947,0.0
0.0,0.0,0.9687330506717082,0.025878588406807432,0.0
0.0,0.0,0.9687330506855498,0.025878588395444903,0.0
0.0,0.0,0.9687330506854352,0.025878588395538957,0.0
0.0,0.0,0.9687330506869607,0.025878588394286844,-0.0
0.0,0.0,0.9687330506868039,0.025878588394415484,-0.0
0.0,0.0,0.9687330506855591,0.025878588395437427,0.0
0.0,0.0,0.9687330506855254,0.025878588395464953,0.0
0.0,0.0,0.9687330506955355,0.025878588387247763,0.0
0.0,0.0,0.968733050685543,0.025878588395450663,-0.0
0.0,0.0,0.9687330507810825,0.025878588317022562,-0.0
0.0,0.0,0.9687330506873557,0.025878588393962572,0.0
0.0,0.0,0.0,0.0,2.619400813680616e-25
0.0,0.0,0.9687330511468084,0.025878588016800378,0.0
0.0,0.0,0.9687330506855023,0.025878588395483803,0.0
0.0,0.0,0.9687330506855505,0.025878588395444473,0.0
0.0,0.0,0.9687330506863475,0.025878588394790014,0.0
0.0,0.0,0.9687330506855508,0.025878588395444144,0.0
0.0,0.0,0.9687330506855523,0.02587858839544284,-0.0
0.0,0.0,0.9687330525853418,0.02587858683591668,0.0
0.0,0.0,0.9687330506855608,0.025878588395435848,0.0
0.0,0.0,0.9687330506854451,0.025878588395530887,0.0
0.0,0.0,0.9687330506855071,0.025878588395480077,-0.0
0.0,0.0,0.9687330508034743,0.025878588298641418,0.0
0.0,0.0,0.9687330506854834,0.025878588395499398,-0.0
0.0,0.0,0.0,0.0,2.619400813680616e-25
0.0,0.0,0.9687330507836978,0.025878588314875918,0.0
0.0,0.0,0.9687330506854378,0.02587858839553694,0.0
0.0,0.0,0.968733054550718,0.025878585222550574,0.0
0.0,0.0,0.9687330506855244,0.025878588395465824,0.0
0.0,0.0,0.9687330506855293,0.025878588395461883,0.0
0.0,0.0,0.0,0.0,2.619400813680616e-25
0.0,0.0,0.9687330506861438,0.025878588394957415,-0.0
0.0,0.0,0.9687330506855868,0.025878588395414587,0.0
0.0,0.0,0.9687330506852261,0.025878588395710715,0.0
0.0,0.0,0.968733050675034,0.025878588404077384,0.0
0.0,0.0,0.9687330506855584,0.025878588395437902,0.0
0.0,0.0,0.9687330506875238,0.025878588393824606,-0.0
0.0,0.0,0.9687330506855327,0.025878588395458976,-0.0
0.0,0.0,0.9687330506869435,0.025878588394300833,0.0
0.0,0.0,0.968733050687552,0.025878588393801395,0.0
0.0,0.0,0.9687330512093663,0.025878587965447168,0.0
0.0,0.0,0.9687330506854368,0.025878588395537767,0.0
0.0,0.0,0.9687330506853793,0.025878588395585017,0.0
0.0,0.0,0.9687330506855495,0.02587858839544533,0.0
0.0,0.0,0.9687330506855499,0.025878588395444675,0.0
0.0,0.0,0.9687330506875804,0.02587858839377829,0.0
0.0,0.0,0.968733050690218,0.02587858839161297,0.0
0.0,0.0,0.968733050685551,0.02587858839544393,-0.0
0.0,0.0,0.9687330506855502,0.02587858839544472,0.0
0.0,0.0,0.968733050691176,0.025878588390826456,0.0
0.0,0.0,0.96873305068555,0.025878588395444616,0.0
0.0,0.0,0.968733050685803,0.025878588395237184,0.0
0.0,0.0,0.968733050691146,0.025878588390851054,0.0
0.0,0.0,0.9687330506856265,0.02587858839538195,0.0
0.0,0.0,0.9687330506855494,0.02587858839544526,0.0
0.0,0.0,0.96873305068555,0.025878588395444664,0.0
0.0,0.0,0.9687330506855399,0.025878588395452963,0.0
0.0,0.0,0.9687330506858779,0.02587858839517564,0.0
0.0,0.0,0.9687330506612442,0.025878588415397377,0.0
0.0,0.0,0.0,0.0,2.619400813680616e-25
0.0,0.0,0.9687330506862395,0.02587858839487879,0.0
0.0,0.0,0.9687330506905776,0.02587858839131779,-0.0
0.0,0.0,0.9687330506859061,0.025878588395152582,0.0
0.0,0.0,0.9687330506860425,0.02587858839504053,0.0
0.0,0.0,0.9687330506855538,0.02587858839544166,0.0
0.0,0.0,0.9687330506916804,0.0258785883904124,0.0
0.0,0.0,0.9687330506855503,0.02587858839544455,0.0
0.0,0.0,0.9687330506901689,0.02587858839165329,0.0
0.0,0.0,0.9687330506854693,0.025878588395511038,0.0
0.0,0.0,0.9687330506870434,0.025878588394218933,0.0
0.0,0.0,0.9687330506855498,0.025878588395444796,0.0
0.0,0.0,0.9687330506855202,0.025878588395469262,0.0
0.0,0.0,0.9687330506855453,0.025878588395448748,0.0
0.0,0.0,0.968733050685533,0.025878588395458733,0.0
0.0,0.0,0.9687330506854438,0.025878588395532084,0.0
0.0,0.0,0.9687330506855499,0.025878588395444865,0.0
0.0,0.0,0.9687330506855146,0.02587858839547392,0.0
0.0,0.0,0.9687330506862843,0.025878588394841934,0.0
0.0,0.0,0.9687330506857963,0.02587858839524275,0.0
0.0,0.0,0.9687330506855505,0.025878588395444473,0.0
0.0,0.0,0.9687330506855364,0.025878588395456054,-0.0
0.0,0.0,0.9687330506003275,0.025878588465403574,0.0
0.0,0.0,0.9687330506894759,0.02587858839222204,0.0
0.0,0.0,0.9687330506855496,0.025878588395444938,0.0
0.0,0.0,0.9687330506855504,0.025878588395444442,0.0
0.0,0.0,0.9687330506855218,0.025878588395467927,0.0
0.0,0.0,0.9687330506854785,0.02587858839550357,0.0
0.0,0.0,0.9687330506871401,0.025878588394139597,0.0
0.0,0.0,0.9687330506874495,0.025878588393885408,0.0
0.0,0.0,0.968733050690827,0.025878588391112886,0.0
0.0,0.0,0.9687330506855596,0.02587858839543678,-0.0
0.0,0.0,0.9687330526187213,0.025878586808515697,0.0
0.0,0.0,0.9687330506876788,0.025878588393697267,0.0
0.0,0.0,0.968733050685535,0.025878588395457074,0.0
0.0,0.0,0.9687330506855442,0.02587858839544973,0.0
0.0,0.0,0.9687330506855497,0.025878588395444865,0.0
0.0,0.0,0.9687330506626192,0.025878588414268586,0.0
0.0,0.0,0.0,0.0,2.619400813680616e-25
0.0,0.0,0.9687330506855513,0.025878588395443672,0.0
0.0,0.0,0.9687330506855498,0.025878588395444775,0.0
0.0,0.0,0.9687330506901222,0.025878588391691548,0.0
0.0,0.0,0.9687330506853219,0.025878588395632007,0.0
0.0,0.0,0.9687330506855495,0.025878588395445247,-0.0
0.0,0.0,0.9687330508698362,0.025878588244165248,0.0
0.0,0.0,0.9687330506858989,0.025878588395158254,0.0
0.0,0.0,0.9687330506857101,0.025878588395313287,0.0
0.0,0.0,0.9687330542483246,0.025878585470783744,0.0
0.0,0.0,0.9687330506870362,0.025878588394224893,0.0
0.0,0.0,0.9687330506908148,0.025878588391122934,0.0
0.0,0.0,0.9687330512109027,0.025878587964185698,0.0
0.0,0.0,0.968733050690107,0.025878588391703997,0.0
0.0,0.0,0.9687330499579712,0.025878588992710016,-0.0
0.0,0.0,0.9687330506865264,0.02587858839464337,0.0
0.0,0.0,0.9687330506855493,0.025878588395445424,0.0
0.0,0.0,0.9687330506857071,0.02587858839531577,0.0
0.0,0.0,0.9687330506856879,0.02587858839533165,0.0
0.0,0.0,0.0,0.0,2.619400813680616e-25
0.0,0.0,0.9687330504864685,0.025878588558869563,0.0
0.0,0.0,0.0,0.0,2.619400813680616e-25
0.0,0.0,0.9687330506855502,0.02587858839544458,0.0
0.0,0.0,0.9687330506854829,0.025878588395499703,0.0
0.0,0.0,0.9687330506855306,0.025878588395460683,0.0
0.0,0.0,0.9687330506855502,0.025878588395444747,0.0
0.0,0.0,0.9687330506855498,0.025878588395445025,0.0
0.0,0.0,0.9687330506855617,0.025878588395435106,0.0
0.0,0.0,0.96873305068555,0.02587858839544481,-0.0
0.0,0.0,0.9687330506855502,0.025878588395444498,0.0
0.0,0.0,0.9687330506854603,0.02587858839551834,-0.0
0.0,0.0,0.9687330506855343,0.025878588395457622,-0.0
0.0,0.0,0.9687330506854824,0.025878588395500085,0.0
0.0,0.0,0.9687330506855047,0.025878588395481874,0.0
0.0,0.0,0.9687330506856654,0.025878588395349934,-0.0
0.0,0.0,0.9687330506855504,0.025878588395444418,0.0
0.0,0.0,0.9687330506854395,0.025878588395535487,-0.0
0.0,0.0,0.9687330506855506,0.02587858839544436,0.0
0.0,0.0,0.9687330506856765,0.025878588395341098,0.0
0.0,0.0,0.9687330535521533,0.02587858604226665,0.0
0.0,0.0,0.9687330506954731,0.02587858838729914,0.0
0.0,0.0,0.9687330506873636,0.025878588393955963,0.0
0.0,0.0,0.9687330506855502,0.02587858839544466,0.0
0.0,0.0,0.9687330507982203,0.025878588302954544,0.0
0.0,0.0,0.9687330506906906,0.02587858839122479,0.0
0.0,0.0,0.9687330506957157,0.025878588387100027,0.0
0.0,0.0,0.9687330506854674,0.025878588395512655,0.0
0.0,0.0,0.9687330507026791,0.025878588381383585,0.0
0.0,0.0,0.9687330506857358,0.02587858839529232,0.0
0.0,0.0,0.9687330530351669,0.025878586466657978,0.0
0.0,0.0,0.9687330506854341,0.025878588395540063,0.0
0.0,0.0,0.9687330539761595,0.025878585694202417,0.0
0.0,0.0,0.968733050685468,0.025878588395512193,0.0
0.0,0.0,0.9687330506855394,0.02587858839545345,-0.0
0.0,0.0,0.9687330506854567,0.025878588395521353,0.0
0.0,0.0,0.0,0.0,2.619400813680616e-25
0.0,0.0,0.0,0.0,2.619400813680616e-25
0.0,0.0,0.9687330506857202,0.025878588395304984,0.0
0.0,0.0,0.9687330506855515,0.025878588395443606,0.0
0.0,0.0,0.9687330506873135,0.02587858839399706,0.0
0.0,0.0,0.9687330506854964,0.025878588395488806,0.0
0.0,0.0,0.9687330506810191,0.02587858839916434,0.0
0.0,0.0,0.9687330506855261,0.02587858839546442,-0.0
0.0,0.0,0.9687330506855503,0.025878588395444563,-0.0
0.0,0.0,0.9687330506852803,0.025878588395666226,0.0
0.0,0.0,0.9687330506855503,0.025878588395444678,0.0
0.0,0.0,0.9687330506853311,0.025878588395624444,0.0
0.0,0.0,0.9687330506854347,0.02587858839553931,0.0
0.0,0.0,0.9687330514957768,0.025878587730334236,0.0
0.0,0.0,0.0,0.0,2.619400813680616e-25
0.0,0.0,0.9687330506865051,0.025878588394660725,0.0
0.0,0.0,0.9687330506855532,0.025878588395442135,0.0
0.0,0.0,0.9687330506855503,0.025878588395444567,0.0
0.0,0.0,0.9687330506855506,0.025878588395444324,0.0
0.0,0.0,0.9687330506878913,0.025878588393522854,0.0
0.0,0.0,0.9687330506854823,0.025878588395500314,-0.0
0.0,0.0,0.968733050687499,0.025878588393844916,0.0
0.0,0.0,0.9687330506857004,0.025878588395321298,0.0
0.0,0.0,0.0,0.0,2.619400813680616e-25
0.0,0.0,0.968733050685548,0.02587858839544632,0.0
0.0,0.0,0.9687330506855499,0.025878588395444803,0.0
0.0,0.0,0.9687330506853932,0.025878588395573568,0.0
0.0,0.0,0.9687330506855508,0.02587858839544408,0.0
0.0,0.0,0.9687330506906313,0.02587858839127365,0.0
0.0,0.0,0.96873305336039,0.025878586199684056,0.0
0.0,0.0,0.968733050685434,0.02587858839553995,0.0
0.0,0.0,0.9687330506904603,0.02587858839141405,0.0
0.0,0.0,0.9687330506855506,0.02587858839544419,0.0
0.0,0.0,0.9687330506855367,0.025878588395455725,0.0
0.0,0.0,0.9687330491559676,0.02587858965107023,0.0
0.0,0.0,0.9687330506854598,0.0258785883955189,-0.0
0.0,0.0,0.9687330506854966,0.025878588395488535,0.0
0.0,0.0,0.9687330506855383,0.025878588395454358,0.0
0.0,0.0,0.9687330537867404,0.025878585849695514,0.0
0.0,0.0,0.9687330506855463,0.025878588395447898,-0.0
0.0,0.0,0.9687330506855472,0.02587858839544715,0.0
0.0,0.0,0.9687330506877637,0.025878588393627767,0.0
0.0,0.0,0.9687330506855173,0.025878588395471726,-0.0
0.0,0.0,0.9687330506853897,0.02587858839557639,0.0
0.0,0.0,0.9687330506855537,0.025878588395441694,0.0
0.0,0.0,0.9687330506854392,0.025878588395535796,0.0
0.0,0.0,0.968733050685448,0.025878588395528614,0.0
0.0,0.0,0.9687330506855298,0.025878588395461387,-0.0
0.0,0.0,0.9687330506273919,0.025878588443186294,-0.0
0.0,0.0,0.9687330506856251,0.025878588395383022,0.0
0.0,0.0,0.9687330506854684,0.025878588395511624,0.0
0.0,0.0,0.9687330506855478,0.025878588395446527,0.0
0.0,0.0,0.968733050685994,0.025878588395080296,0.0
0.0,0.0,0.9687330506634604,0.025878588413578124,0.0
0.0,0.0,0.968733050685453,0.025878588395524458,0.0
0.0,0.0,0.9687330506854673,0.025878588395512745,0.0
0.0,0.0,0.9687330506889932,0.02587858839261839,0.0
0.0,0.0,0.9687330506855499,0.025878588395444862,-0.0
0.0,0.0,0.9687330506855785,0.025878588395421377,0.0
0.0,0.0,0.9687330506855071,0.025878588395480132,0.0
0.0,0.0,0.9687330506855496,0.025878588395444938,0.0
0.0,0.0,0.9687330506311996,0.0258785884400609,0.0
0.0,0.0,0.9687330506855495,0.02587858839544515,0.0
0.0,0.0,0.9687330506855125,0.025878588395475556,0.0
0.0,0.0,0.9687330506856486,0.02587858839536387,0.0
0.0,0.0,0.9687330506864912,0.02587858839467211,0.0
0.0,0.0,0.9687330506855282,0.02587858839546263,-0.0
0.0,0.0,0.9687330506229788,0.02587858844680935,-0.0
0.0,0.0,0.9687330507631021,0.025878588331782856,0.0
0.0,0.0,0.9687330508522237,0.025878588258623388,0.0
0.0,0.0,0.9687330506855244,0.025878588395465932,0.0
0.0,0.0,0.9687330506856042,0.02587858839540022,0.0
0.0,0.0,0.9687330506855502,0.025878588395444463,-0.0
0.0,0.0,0.9687330506855508,0.02587858839544419,0.0
0.0,0.0,0.968733050685548,0.025878588395446385,-0.0
0.0,0.0,0.9687330506859805,0.025878588395091474,0.0
0.0,0.0,0.0,0.0,2.619400813680616e-25
0.0,0.0,0.9687330506855579,0.02587858839543816,0.0
0.0,0.0,0.9687330506855532,0.025878588395442104,0.0
0.0,0.0,0.96873305068555,0.02587858839544484,0.0
0.0,0.0,0.9687330517006822,0.025878587562128578,0.0
0.0,0.0,0.9687330506855498,0.025878588395444883,-0.0
0.0,0.0,0.9687330506869427,0.025878588394301637,-0.0
0.0,0.0,0.9687330512673865,0.025878587917818736,-0.0
0.0,0.0,0.968733050685548,0.02587858839544649,-0.0
0.0,0.0,0.9687330506854228,0.025878588395548973,0.0
0.0,0.0,0.9687330506869628,0.02587858839428533,0.0
0.0,0.0,0.9687330506877863,0.025878588393609042,-0.0
0.0,0.0,0.9687330506855474,0.025878588395446885,0.0
0.0,0.0,0.9687330506855504,0.025878588395444522,-0.0
0.0,0.0,0.968733050685582,0.02587858839541849,0.0
0.0,0.0,0.9687330597337969,0.025878580967791075,0.0
0.0,0.0,0.9687330506855484,0.025878588395446128,0.0
0.0,0.0,0.968733050685533,0.025878588395458802,0.0
0.0,0.0,0.9687330580550291,0.025878582345881945,0.0
0.0,0.0,0.9687330506858042,0.025878588395236206,0.0
0.0,0.0,0.9687330506855321,0.025878588395459503,0.0
0.0,0.0,0.968733050811683,0.02587858829190301,0.0
0.0,0.0,0.9687330506727688,0.025878588405936848,0.0
0.0,0.0,0.9687330506855486,0.02587858839544594,0.0
0.0,0.0,0.9687330506855498,0.025878588395444956,0.0
0.0,0.0,0.968733050584293,0.02587858847856611,0.0
0.0,0.0,0.96873305068555,0.025878588395444612,0.0
0.0,0.0,0.9687330506894477,0.02587858839224543,0.0
0.0,0.0,0.9687330506858732,0.025878588395179536,0.0
0.0,0.0,0.9687330506854442,0.02587858839553163,0.0
0.0,0.0,0.9687330506872156,0.025878588394077615,0.0
0.0,0.0,0.9687330506853996,0.02587858839556835,0.0
0.0,0.0,0.9687330506855506,0.025878588395444234,0.0
0.0,0.0,0.9687330512787645,0.025878587908478447,0.0
0.0,0.0,0.9687330512136915,0.025878587961896553,-0.0
0.0,0.0,0.9687330506855499,0.0258785883954447,0.0
0.0,0.0,0.9687330506855496,0.02587858839544499,0.0
0.0,0.0,0.9687330506855515,0.02587858839544352,0.0
0.0,0.0,0.9687330506855468,0.02587858839544743,0.0
0.0,0.0,0.9687330506894433,0.02587858839224885,-0.0
0.0,0.0,0.9687330529017798,0.025878586576154564,-0.0
0.0,0.0,0.9687330514195286,0.02587858779292593,0.0
0.0,0.0,0.9687330506855503,0.025878588395444466,0.0
0.0,0.0,0.9687330506894385,0.02587858839225266,0.0
0.0,0.0,0.9687330506855499,0.02587858839544467,-0.0
0.0,0.0,0.9687330506855504,0.025878588395444567,0.0
0.0,0.0,0.9687330506854676,0.025878588395512558,0.0
0.0,0.0,0.9687330506859388,0.025878588395125558,0.0
0.0,0.0,0.9687330506876328,0.025878588393735115,0.0
0.0,0.0,0.9687330506855795,0.02587858839542074,0.0
0.0,0.0,0.9687330507458153,0.025878588345973435,0.0
0.0,0.0,0.9687330506855502,0.025878588395444484,0.0
0.0,0.0,0.9687330506855487,0.02587858839544573,0.0
0.0,0.0,0.9687330506854677,0.025878588395512443,0.0
0.0,0.0,0.9687330506855384,0.025878588395454278,0.0
0.0,0.0,0.9687330506855496,0.025878588395445105,-0.0
0.0,0.0,0.9687330506735211,0.025878588405319123,0.0
0.0,0.0,0.9687330506855495,0.025878588395445042,-0.0
0.0,0.0,0.9687330507637174,0.02587858833127776,0.0
0.0,0.0,0.9687330506855502,0.0258785883954448,0.0
0.0,0.0,0.968733050685483,0.025878588395499825,0.0
0.0,0.0,0.9687330506902523,0.02587858839158489,0.0
0.0,0.0,0.9687330506855506,0.025878588395444095,0.0
0.0,0.0,0.9687330506865086,0.025878588394657894,0.0
0.0,0.0,0.9687330506889417,0.025878588392660648,-0.0
0.0,0.0,0.9687330507272686,0.02587858836119839,0.0
0.0,0.0,0.9687330506856047,0.025878588395400023,0.0
0.0,0.0,0.96873305068555,0.025878588395444668,0.0
0.0,0.0,0.9687330506859794,0.025878588395092415,-0.0
0.0,0.0,0.9687330506855084,0.025878588395478845,0.0
0.0,0.0,0.9687330506855502,0.025878588395444643,-0.0
0.0,0.0,0.9687330506854552,0.025878588395522546,0.0
0.0,0.0,0.9687330506854832,0.02587858839549962,0.0
0.0,0.0,0.9687330506855282,0.02587858839546264,-0.0
0.0,0.0,0.9687330506854704,0.025878588395510126,0.0
0.0,0.0,0.9687330506855495,0.025878588395445077,0.0
0.0,0.0,0.9687330506903539,0.025878588391501416,0.0
0.0,0.0,0.9687330506885399,0.02587858839299049,0.0
0.0,0.0,0.9687330570856932,0.025878583141604218,-0.0
0.0,0.0,0.9687330506854752,0.025878588395506122,0.0
0.0,0.0,0.9687330506905917,0.02587858839130615,0.0
0.0,0.0,0.9687330506854961,0.025878588395488962,0.0
0.0,0.0,0.9687330506503075,0.025878588424375303,0.0
0.0,0.0,0.9687330506662514,0.025878588411286905,0.0
0.0,0.0,0.9687330506895176,0.025878588392187898,0.0
0.0,0.0,0.9687330506272805,0.025878588443277815,-0.0
0.0,0.0,0.9687330506859148,0.025878588395145546,0.0
0.0,0.0,0.9687330508569648,0.025878588254731556,0.0
0.0,0.0,0.9687330506854377,0.025878588395536924,0.0
0.0,0.0,0.9687330503369834,0.025878588681581122,0.0
0.0,0.0,0.9687330506889757,0.025878588392632587,0.0
0.0,0.0,0.9687330506855504,0.025878588395444515,-0.0
0.0,0.0,0.9687330506855422,0.025878588395451065,0.0
0.0,0.0,0.9687330506855513,0.02587858839544366,0.0
0.0,0.0,0.9687330506848512,0.02587858839601844,0.0
0.0,0.0,0.9687330506855375,0.025878588395455017,-0.0
0.0,0.0,0.9687330506855626,0.025878588395434332,0.0
0.0,0.0,0.9687330506855482,0.02587858839544637,-0.0
0.0,0.0,0.9687330506857693,0.02587858839526483,0.0
0.0,0.0,0.968733050686143,0.025878588394958053,0.0
0.0,0.0,0.9687330506128816,0.02587858845509804,0.0
0.0,0.0,0.9687330506854694,0.025878588395510948,-0.0
0.0,0.0,0.9687330506855499,0.02587858839544481,0.0
0.0,0.0,0.9687330506854982,0.025878588395487453,0.0
0.0,0.0,0.9687330506855506,0.025878588395444196,-0.0
0.0,0.0,0.9687330506322772,0.02587858843917614,0.0
0.0,0.0,0.9687330505609681,0.02587858849771315,0.0
0.0,0.0,0.9687330506858999,0.025878588395157717,0.0
0.0,0.0,0.9687330506881846,0.025878588393282186,0.0
0.0,0.0,0.9687330506904802,0.025878588391397724,0.0
0.0,0.0,0.9687330506859118,0.025878588395147936,-0.0
0.0,0.0,0.9687330507197278,0.025878588367388575,0.0
0.0,0.0,0.9687330534333041,0.02587858613982932,0.0
0.0,0.0,0.9687330506855226,0.025878588395467316,0.0
0.0,0.0,0.9687330506857723,0.02587858839526233,0.0
0.0,0.0,0.9687330506855485,0.025878588395445917,0.0
0.0,0.0,0.9687330506890065,0.02587858839260739,-0.0
0.0,0.0,0.9687330506854684,0.025878588395511798,0.0
0.0,0.0,0.9687330506855464,0.02587858839544781,0.0
0.0,0.0,0.9687330507358766,0.02587858835413214,0.0
0.0,0.0,0.9687330506855533,0.02587858839544203,-0.0
0.0,0.0,0.96873305066705,0.025878588410631398,-0.0
0.0,0.0,0.9687330506855596,0.02587858839543707,0.0
0.0,0.0,0.9687330506855107,0.025878588395477024,0.0
0.0,0.0,0.9687330506856597,0.025878588395354642,0.0
0.0,0.0,0.9687330546242846,0.02587858516216028,0.0
0.0,0.0,0.9687330506880512,0.02587858839339173,0.0
0.0,0.0,0.9687330506643511,0.025878588412846897,0.0
0.0,0.0,0.9687330509549005,0.025878588174336623,0.0
0.0,0.0,0.9687330506855166,0.02587858839547207,-0.0
0.0,0.0,0.9687330506855509,0.025878588395444022,0.0
0.0,0.0,0.9687330506857885,0.02587858839524903,0.0
0.0,0.0,0.9687330506856762,0.025878588395341365,0.0
0.0,0.0,0.9687330506887898,0.025878588392785434,0.0
0.0,0.0,0.9687330506894934,0.025878588392207726,0.0
0.0,0.0,0.9687330506855547,0.025878588395440875,0.0
0.0,0.0,0.9687330506855472,0.02587858839544715,0.0
0.0,0.0,0.9687330506855507,0.025878588395444133,-0.0
0.0,0.0,0.9687330508162496,0.0258785882881542,0.0
0.0,0.0,0.9687330506854783,0.025878588395503603,0.0
0.0,0.0,0.968733051439042,0.02587858777690763,0.0
0.0,0.0,0.9687330506855257,0.02587858839546474,0.0
0.0,0.0,0.0,0.0,2.619400813680616e-25
0.0,0.0,0.9687330506883841,0.02587858839311838,0.0
0.0,0.0,0.9687330506865854,0.025878588394594847,0.0
0.0,0.0,0.9687330506855487,0.02587858839544569,0.0
0.0,0.0,0.9687330506858776,0.02587858839517589,0.0
0.0,0.0,0.9687330508453226,0.025878588264288398,0.0
0.0,0.0,0.9687330506855503,0.025878588395444553,0.0
0.0,0.0,0.968733050157238,0.025878588829133353,-0.0
0.0,0.0,0.9687330507804975,0.025878588317502955,0.0
0.0,0.0,0.9687330506418391,0.02587858843132697,0.0
0.0,0.0,0.9687330506855526,0.025878588395442558,0.0
0.0,0.0,0.9687330506874373,0.025878588393895566,0.0
0.0,0.0,0.9687330505513835,0.02587858850558117,0.0
0.0,0.0,0.9687330513352878,0.02587858786207893,-0.0
0.0,0.0,0.9687330507786611,0.02587858831901054,0.0
0.0,0.0,0.968733050685564,0.025878588395433236,0.0
0.0,0.0,0.0,0.0,2.619400813680616e-25
0.0,0.0,0.9687330506878671,0.025878588393542776,0.0
0.0,0.0,0.9687330506855999,0.025878588395404013,0.0
0.0,0.0,0.9687330506472361,0.025878588426896477,0.0
0.0,0.0,0.9687330506854424,0.02587858839553323,0.0
0.0,0.0,0.9687330506855514,0.02587858839544372,0.0
0.0,0.0,0.9687330506854867,0.025878588395496626,0.0
0.0,0.0,0.9687330506855507,0.02587858839544402,0.0
0.0,0.0,0.9687330506862375,0.025878588394880386,0.0
0.0,0.0,0.9687330506854949,0.025878588395489996,0.0
0.0,0.0,0.9687330506866161,0.02587858839456981,0.0
0.0,0.0,0.9687330506902359,0.025878588391598217,0.0
0.0,0.0,0.96873305068555,0.025878588395444806,0.0
0.0,0.0,0.96873305068549,0.025878588395493982,0.0
0.0,0.0,0.968733050690378,0.02587858839148161,0.0
0.0,0.0,0.9687330506855313,0.025878588395460343,0.0
0.0,0.0,0.9687330506074985,0.025878588459516894,-0.0
0.0,0.0,0.9687330506862135,0.02587858839490011,0.0
0.0,0.0,0.9687330506855502,0.025878588395444463,0.0
0.0,0.0,0.968733050685504,0.025878588395482644,0.0
0.0,0.0,0.9687330506855498,0.025878588395444775,-0.0
0.0,0.0,0.9687330506874133,0.025878588393915304,0.0
0.0,0.0,0.9687330506855285,0.025878588395462428,0.0
0.0,0.0,0.968733050766099,0.02587858832932281,0.0
0.0,0.0,0.9687330508541487,0.02587858825704284,0.0
0.0,0.0,0.9687330506921967,0.025878588389988664,0.0
0.0,0.0,0.9687330506645807,0.02587858841265827,0.0
0.0,0.0,0.9687330518555306,0.025878587435014616,0.0
0.0,0.0,0.9687330506886345,0.025878588392912835,0.0
0.0,0.0,0.9687330506858044,0.025878588395236032,0.0
0.0,0.0,0.9687330506875691,0.025878588393787417,0.0
0.0,0.0,0.9687330507010593,0.025878588382713227,-0.0
0.0,0.0,0.9687330506855502,0.025878588395444577,0.0
0.0,0.0,0.9687330506855506,0.025878588395444272,-0.0
0.0,0.0,0.9687330506854708,0.02587858839550978,0.0
0.0,0.0,0.968733050648742,0.025878588425660102,0.0
0.0,0.0,0.9687330506855504,0.02587858839544451,0.0
0.0,0.0,0.9687330515981155,0.02587858764632502,0.0
0.0,0.0,0.9687330506883349,0.025878588393158784,0.0
0.0,0.0,0.9687330506855504,0.02587858839544432,0.0
0.0,0.0,0.9687330506855497,0.025878588395445004,0.0
0.0,0.0,0.9687330506855276,0.02587858839546311,0.0
0.0,0.0,0.9687330486040185,0.025878590104161985,0.0
0.0,0.0,0.9687330506855502,0.025878588395444782,0.0
0.0,0.0,0.9687330508369079,0.02587858827119622,0.0
0.0,0.0,0.0,0.0,2.619400813680616e-25
0.0,0.0,0.9687330506854757,0.02587858839550575,0.0
0.0,0.0,0.9687330506866304,0.025878588394557922,0.0
0.0,0.0,0.9687330506855233,0.025878588395466695,0.0
0.0,0.0,0.9687330506857946,0.025878588395244272,0.0
0.0,0.0,0.9687330506855494,0.025878588395445164,0.0
0.0,0.0,0.968733050685543,0.02587858839545061,0.0
0.0,0.0,0.9687330506761368,0.02587858840317209,0.0
0.0,0.0,0.968733050685548,0.02587858839544652,0.0
0.0,0.0,0.9687330506865799,0.02587858839459915,0.0
0.0,0.0,0.9687330506855502,0.025878588395444747,0.0
0.0,0.0,0.9687330506908094,0.025878588391127492,0.0
0.0,0.0,0.9687330506853696,0.02587858839559291,-0.0
0.0,0.0,0.9687330506855077,0.02587858839547954,0.0
0.0,0.0,0.0,0.0,2.619400813680616e-25
0.0,0.0,0.9687330506855505,0.02587858839544435,0.0
0.0,0.0,0.9687330506854652,0.02587858839551438,0.0
0.0,0.0,0.9687330506851722,0.025878588395754933,0.0
0.0,0.0,0.9687330506854837,0.025878588395499173,0.0
0.0,0.0,0.9687330506879279,0.02587858839349294,0.0
0.0,0.0,0.968733050689531,0.02587858839217679,0.0
0.0,0.0,0.9687330506615546,0.025878588415142435,-0.0
0.0,0.0,0.9687330506855504,0.02587858839544443,0.0
0.0,0.0,0.9687330506855485,0.02587858839544615,-0.0
0.0,0.0,0.9687330506855502,0.025878588395444713,-0.0
0.0,0.0,0.9687330506855156,0.02587858839547294,0.0
0.0,0.0,0.9687330506855502,0.025878588395444515,0.0
0.0,0.0,0.968733050686048,0.02587858839503605,0.0
0.0,0.0,0.9687330506855512,0.02587858839544379,-0.0
0.0,0.0,0.9687330506857634,0.025878588395269637,0.0
0.0,0.0,0.9687330507169405,0.025878588369676596,0.0
0.0,0.0,0.9687330541268685,0.025878585570486296,0.0
0.0,0.0,0.9687330506858656,0.0258785883951858,0.0
0.0,0.0,0.9687330506856031,0.025878588395401178,0.0
0.0,0.0,0.96873305068555,0.025878588395444744,0.0
0.0,0.0,0.9687330506855494,0.025878588395445237,0.0
0.0,0.0,0.9687330506855486,0.025878588395445948,0.0
0.0,0.0,0.9687330506854956,0.02587858839548931,0.0
0.0,0.0,0.968733050685435,0.025878588395539324,0.0
0.0,0.0,0.9687330540024156,0.025878585672648953,0.0
0.0,0.0,0.968733050685743,0.0258785883952865,0.0
0.0,0.0,0.968733050685565,0.025878588395432472,-0.0
0.0,0.0,0.9687330506855502,0.02587858839544456,0.0
0.0,0.0,0.9687330506855575,0.025878588395438686,0.0
0.0,0.0,0.9687330506854541,0.02587858839552336,0.0
0.0,0.0,0.9687330506858816,0.025878588395172545,0.0
0.0,0.0,0.9687330506904414,0.025878588391429598,0.0
0.0,0.0,0.9687330506856837,0.025878588395335127,0.0
0.0,0.0,0.9687330504732036,0.02587858856975874,0.0
0.0,0.0,0.968733050632345,0.02587858843912061,-0.0
0.0,0.0,0.9687330506856697,0.025878588395346576,0.0
0.0,0.0,0.9687330511033133,0.02587858805250541,0.0
0.0,0.0,0.9687330506855502,0.025878588395444577,0.0
0.0,0.0,0.9687330506853998,0.02587858839556807,0.0
0.0,0.0,0.9687330506855498,0.025878588395444827,0.0
0.0,0.0,0.9687330506866009,0.025878588394582177,0.0
0.0,0.0,0.968733050685543,0.0258785883954506,0.0
0.0,0.0,0.9687330506855508,0.02587858839544417,0.0
0.0,0.0,0.9687330506893047,0.02587858839236254,-0.0
0.0,0.0,0.968733050685549,0.025878588395445472,-0.0
0.0,0.0,0.9687330506855335,0.025878588395458323,0.0
0.0,0.0,0.9687330506864043,0.02587858839474367,0.0
0.0,0.0,0.9687330506854432,0.025878588395532497,0.0
0.0,0.0,0.9687330506857185,0.025878588395306604,0.0
0.0,0.0,0.9687330506855466,0.02587858839544758,-0.0
0.0,0.0,0.9687330506855505,0.025878588395444473,0.0
0.0,0.0,0.0,0.0,2.619400813680616e-25
0.0,0.0,0.9687330506896632,0.02587858839206853,0.0
0.0,0.0,0.9687330506901753,0.025878588391647927,0.0
0.0,0.0,0.9687330506854782,0.025878588395503513,0.0
0.0,0.0,0.968733056519462,0.02587858360641997,0.0
0.0,0.0,0.9687330506888583,0.02587858839272922,0.0
0.0,0.0,0.9687330506854815,0.025878588395500883,0.0
0.0,0.0,0.9687330506853283,0.025878588395626796,0.0
0.0,0.0,0.0,0.0,2.619400813680616e-25
0.0,0.0,0.9687330506870372,0.025878588394223953,0.0
0.0,0.0,0.9687330506884775,0.025878588393041555,0.0
0.0,0.0,0.9687330506855493,0.025878588395445545,0.0
0.0,0.0,0.9687330506855498,0.025878588395445008,-0.0
0.0,0.0,0.0,0.0,2.619400813680616e-25
0.0,0.0,0.9687330550270117,0.025878584831563946,0.0
0.0,0.0,0.9687330506542834,0.025878588421111334,0.0
0.0,0.0,0.9687330506855509,0.025878588395443835,0.0
0.0,0.0,0.9687330506855282,0.025878588395462844,0.0
0.0,0.0,0.9687330506857499,0.02587858839528078,0.0
0.0,0.0,0.9687330506855459,0.025878588395448206,0.0
0.0,0.0,0.9687330519052493,0.025878587394200764,0.0
0.0,0.0,0.9687330506856977,0.025878588395323577,-0.0
0.0,0.0,0.9687330506855502,0.02587858839544475,0.0
0.0,0.0,0.9687330508074036,0.02587858829541598,-0.0
0.0,0.0,0.9687330506855215,0.025878588395468315,0.0
0.0,0.0,0.9687330506854771,0.025878588395504644,0.0
0.0,0.0,0.9687330506884633,0.02587858839305315,0.0
0.0,0.0,0.9687330506804431,0.025878588399637067,-0.0
0.0,0.0,0.9687330506855496,0.025878588395444938,0.0
0.0,0.0,0.9687330506855458,0.025878588395448272,0.0
0.0,0.0,0.9687330506793649,0.0258785884005221,0.0
0.0,0.0,0.9687330506854354,0.02587858839553898,0.0
0.0,0.0,0.0,0.0,2.619400813680616e-25
0.0,0.0,0.9687330506855529,0.02587858839544229,0.0
0.0,0.0,0.9687330507617478,0.02587858833289445,0.0
0.0,0.0,0.9687330506855212,0.025878588395468485,0.0
0.0,0.0,0.9687330506855226,0.025878588395467427,-0.0
0.0,0.0,0.9687330506869942,0.02587858839425924,0.0
0.0,0.0,0.9687330506855479,0.02587858839544647,-0.0
0.0,0.0,0.9687330506854819,0.025878588395500696,0.0
0.0,0.0,0.9687330508210078,0.025878588284248386,0.0
0.0,0.0,0.9687330506882846,0.02587858839320007,0.0
0.0,0.0,0.9687330506904752,0.025878588391401704,0.0
0.0,0.0,0.9687330506855202,0.025878588395469436,0.0
0.0,0.0,0.9687330506581506,0.025878588417936638,0.0
0.0,0.0,0.9687330506854537,0.025878588395523892,-0.0
0.0,0.0,0.9687330506855392,0.025878588395453643,0.0
0.0,0.0,0.9687330506855504,0.02587858839544432,0.0
0.0,0.0,0.9687330506855499,0.02587858839544475,0.0
0.0,0.0,0.9687330506855476,0.02587858839544672,-0.0
0.0,0.0,0.968733050658885,0.025878588417333863,0.0
0.0,0.0,0.9687330506854076,0.025878588395561706,0.0
0.0,0.0,0.9687330507066895,0.02587858837809154,0.0
0.0,0.0,0.9687330503703412,0.025878588654197964,0.0
0.0,0.0,0.9687330506855475,0.025878588395446815,-0.0
0.0,0.0,0.9687330506855504,0.025878588395444428,0.0
0.0,0.0,0.9687330506855848,0.025878588395416097,0.0
0.0,0.0,0.9687330587746695,0.025878581755133256,0.0
0.0,0.0,0.9687330506855465,0.025878588395447735,0.0
0.0,0.0,0.9687330506854486,0.02587858839552816,-0.0
0.0,0.0,0.9687330506855204,0.02587858839546924,-0.0
0.0,0.0,0.9687330506855445,0.02587858839544937,0.0
0.0,0.0,0.0,0.0,2.619400813680616e-25
0.0,0.0,0.9687330506855499,0.025878588395444657,0.0
0.0,0.0,0.9687330506857205,0.025878588395304915,-0.0
0.0,0.0,0.9687330506890998,0.025878588392530807,0.0
0.0,0.0,0.9687330506855364,0.02587858839545597,0.0
0.0,0.0,0.968733050746089,0.025878588345748587,0.0
0.0,0.0,0.9687330507731554,0.025878588323530093,0.0
0.0,0.0,0.9687330506855513,0.025878588395443766,0.0
0.0,0.0,0.9687330533717678,0.025878586190344218,0.0
0.0,0.0,0.9687330506855445,0.025878588395449417,0.0
0.0,0.0,0.9687330506854496,0.025878588395527258,-0.0
0.0,0.0,0.9687330506855509,0.025878588395444053,0.0
0.0,0.0,0.9687330506856527,0.025878588395360398,0.0
0.0,0.0,0.9687330540980159,0.02587858559417121,0.0
0.0,0.0,0.9687330506855502,0.025878588395444685,0.0
0.0,0.0,0.968733050685835,0.02587858839521087,0.0
0.0,0.0,0.9687330506855505,0.02587858839544447,0.0
0.0,0.0,0.9687330506855173,0.025878588395471747,0.0
0.0,0.0,0.9687330506905748,0.02587858839132,-0.0
0.0,0.0,0.9687330506854516,0.025878588395525492,0.0
0.0,0.0,0.968733050685809,0.025878588395232247,-0.0
0.0,0.0,0.9687330506855502,0.02587858839544466,0.0
0.0,0.0,0.9687330506857925,0.025878588395245664,0.0
0.0,0.0,0.0,0.0,2.619400813680616e-25
0.0,0.0,0.9687330507637336,0.02587858833126434,-0.0
0.0,0.0,0.9687330506855506,0.02587858839544413,0.0
0.0,0.0,0.9687330506675234,0.02587858841024291,0.0
0.0,0.0,0.9687330506856837,0.025878588395335137,0.0
0.0,0.0,0.9687330506869721,0.025878588394277372,0.0
0.0,0.0,0.9687330506865505,0.025878588394623647,0.0
0.0,0.0,0.9687330506855504,0.02587858839544459,0.0
0.0,0.0,0.968733050685459,0.025878588395519556,0.0
0.0,0.0,0.0,0.0,2.619400813680616e-25
0.0,0.0,0.968733050686293,0.025878588394834878,0.0
0.0,0.0,0.968733050685541,0.025878588395452144,0.0
0.0,0.0,0.9687330506854489,0.025878588395527806,0.0
0.0,0.0,0.9687330506855301,0.025878588395461262,0.0
0.0,0.0,0.968733050685541,0.02587858839545203,0.0
0.0,0.0,0.9687330506855834,0.02587858839541745,0.0
0.0,0.0,0.9687330506902708,0.025878588391569538,0.0
0.0,0.0,0.9687330506907693,0.0258785883911603,0.0
0.0,0.0,0.9687330506854863,0.025878588395496956,0.0
0.0,0.0,0.968733050685548,0.025878588395446378,-0.0
0.0,0.0,0.9687330506859592,0.025878588395108905,0.0
0.0,0.0,0.9687330506855464,0.025878588395447967,0.0
0.0,0.0,0.9687330510863134,0.025878588066460557,0.0
0.0,0.0,0.9687330506855424,0.025878588395451166,0.0
0.0,0.0,0.9687330506854354,0.02587858839553886,0.0
0.0,0.0,0.9687330506855502,0.0258785883954445,-0.0
0.0,0.0,0.9687330507178985,0.02587858836889021,0.0
0.0,0.0,0.9687330506855522,0.025878588395442978,0.0
0.0,0.0,0.9687330506872044,0.0258785883940867,0.0
0.0,0.0,0.9687330506907682,0.02587858839116105,0.0
0.0,0.0,0.9687330506855191,0.025878588395470258,0.0
0.0,0.0,0.9687330552785635,0.025878584625066706,0.0
0.0,0.0,0.9687330537390557,0.02587858588883963,-0.0
0.0,0.0,0.96873305068555,0.025878588395444737,0.0
0.0,0.0,0.9687330506864184,0.025878588394732054,-0.0
