0.04314579217622579,0.0,0.9146555248144486,0.03688428545842693
0.6869309241879795,0.0,0.20481715987667856,0.09793234421009434
0.7254768887054723,0.0,0.1622545274764069,0.10164901500747694
0.7482225137838999,0.0,0.13686657689018852,0.104085477747773
0.7260502554905567,0.0,0.16138001742678512,0.10191967038196276
0.7761197622387279,0.0,0.1062073953929686,0.106647260747317
0.7851300471577244,0.0,0.0960642106862706,0.10768956145358287
0.7911903156844868,0.0,0.08911355081185046,0.10850508659184238
0.7309418328100267,-0.0,0.15596292171629905,0.10240549033229837
0.7576686007170584,0.0,0.12632145367970682,0.10509892518847043
0.7705570738588706,0.0,0.11202911456366506,0.10639647300482771
0.7726766618254983,0.0,0.1096729501907965,0.10661495939743627
0.7730127832235621,0.0,0.10930378312905643,0.10664562138347596
0.7470580131241457,0.0,0.13808968294158214,0.10402911482496327
0.7756724610228963,0.0,0.10636015045306964,0.10690828183489338
0.6900985702439255,-0.0,0.20132834751137998,0.09822977098439972
0.0,-1.7967484371292192e-31,0.0,0.0
0.07071077920083108,0.0,0.8843520788341713,0.03941600898701285
0.684554728007141,0.0,0.20745207083221062,0.09769335353322935
0.7231440437875934,-0.0,0.1648434439269745,0.10141246426021415
0.7459737251831867,-0.0,0.13936272096279914,0.10385696143825124
0.7230914724752733,-0.0,0.16466641232255083,0.101617130448179
0.773755347732446,0.0,0.10883612400368448,0.106403154552881
0.782624593499412,-0.0,0.09886426014641515,0.10741793994519284
0.7879462473939249,0.0,0.09273869139955608,0.1081537174134305
0.7877154268500858,-4.635394613283032e-23,0.09137015289119368,0.10896855451105528
0.769033066184278,-0.0,0.1138155706024308,0.10615704078751897
0.7742886467859554,0.0,0.1078834863940512,0.106778947527725
0.7522440934655948,0.0,0.13236576649703985,0.10452703802269989
0.7786170224509373,-0.0,0.10308442924063031,0.10721405203290461
0.7694788217465397,0.0,0.11319890094623974,0.10631101942511254
0.049081845497639554,0.0,0.9081300660650582,0.03742920451048273
0.0,-1.7967484371292192e-31,0.0,0.0
0.06894271554416774,0.0,0.8862957341710513,0.03925367266977078
0.6821933690558272,0.0,0.21007047859613728,0.09745590389681319
0.7207691927232285,0.0,0.16747890883182953,0.10117171924312501
0.743621097367184,0.0,0.14197444253666852,0.10361761498418208
0.7195873208614189,-0.0,0.16855144973700018,0.10126517886529253
0.7710519653248381,0.0,0.11184283366456696,0.10612305873965926
0.779633463793158,-0.0,0.10228962159729833,0.10702008756553774
0.785849937329109,0.0,0.09525140562311399,0.10777497867486288
0.7827337766796297,1.5107232882798194e-23,0.09707430033653108,0.10834596740208577
0.7776518796362103,0.0,0.10396955314134147,0.1072819313882154
0.7798664408147761,-1.8284611493514768e-23,0.10109982768017814,0.10768982588416448
0.780049450660915,0.0,0.10145260485772195,0.10739694353094255
0.761568231396852,-0.0,0.12194207068885138,0.10554053942146847
0.046554096916288965,0.0,0.9109088475342397,0.03719712003506952
0.0,-1.7967484371292192e-31,0.0,0.0
0.0672430946843101,0.0,0.8881641402564755,0.0390976287147737
0.6798054755697394,-0.0,0.21271823992264133,0.09721585170656023
0.7182543856843643,-0.0,0.17026962092933504,0.10091685096707922
0.7410324866566486,0.0,0.14484815375090243,0.10335424922035805
0.7545917067772596,0.0,0.12972630165260096,0.10479559381144338
0.767690009758084,0.0,0.11546643502373219,0.10587779908873748
0.7757719098036369,0.0,0.1065891064794603,0.1066158301665705
0.781098460313299,0.0,0.10056166798223871,0.10725977537960611
0.781581822090096,-0.0,0.09990170030377969,0.10741895696628742
0.7783327305853799,0.0,0.10339437509689126,0.10719016356293598
0.7735216148848879,-0.0,0.10873447072944639,0.1067013601880824
0.7518463496500098,0.0,0.13302542059868017,0.10429205063280834
0.0,-1.7967484371292192e-31,0.0,0.0
0.0,-1.7967484371292192e-31,0.0,0.0
0.06559992822151715,0.0,0.8899704898990505,0.038946763957695696
0.6772675146313315,-0.0,0.2155320761585703,0.09696100666208277
0.7154623468554077,-0.0,0.17336859465187618,0.10063334322712505
0.7380512224697646,-0.0,0.1481576734794995,0.10305102155539468
0.7529237066992676,0.0,0.13164698689133725,0.10456436349103514
0.7251316936148011,0.0,0.16239911824243883,0.10182678833654588
0.7704316724350367,-0.0,0.11242295235434326,0.10615667653198252
0.7740788563837876,0.0,0.10848696380861438,0.10642717965860056
0.7694641459441567,0.0,0.11323577568663142,0.10629117438406677
0.7653180763931335,0.0,0.117914963420315,0.10580107670673738
0.7357717293055361,0.0,0.15060185992494235,0.10289615042790853
0.0,-1.7967484371292192e-31,0.0,0.0
0.0,-1.7967484371292192e-31,0.0,0.0
0.06799092836992873,0.0,0.887342037947058,0.03916629087914413
0.6745337966680169,-0.0,0.21856329411377395,0.0966862007753745
0.7088767470687238,-0.0,0.180407055939137,0.10020657659482121
0.7345387503753272,0.0,0.15220083781946767,0.10256536200997715
0.7485619836758982,0.0,0.136492802128293,0.10411726722212408
0.75639678694873,0.0,0.12772665786448414,0.10497547683855919
0.7241152816741808,0.0,0.16352661498213503,0.10172415909210583
0.762436459058806,0.0,0.12109993571018182,0.1055203511492509
0.7519893579982179,0.0,0.13261355519503368,0.10453233513644494
0.7200529838983964,-0.0,0.16828538684543656,0.1010887004998939
0.0,-1.7967484371292192e-31,0.0,0.0
0.0,-1.7967484371292192e-31,0.0,0.0
0.06598555073492839,0.0,0.8895465703138713,0.038982170034558845
0.6712906192327516,-0.0,0.22215814287255864,0.09636132275019561
0.704884060723345,0.0,0.18483033363503396,0.09980862998825839
0.7297947865768982,0.0,0.1574736141067371,0.10207709049765229
0.7426875211482906,0.0,0.14301815427405482,0.10351610787685948
0.7495796283258062,-0.0,0.13537178903772487,0.10421303835487715
0.7503422561796276,-0.0,0.13468900913388784,0.10414450548161205
0.7407157895601901,0.0,0.14519750499737008,0.10332401403260515
0.03625840454953453,0.0,0.9222272508041869,0.036251607268088536
0.0,-1.7967484371292192e-31,0.0,0.0
0.0,-1.7967484371292192e-31,0.0,0.0
0.06370944922293693,0.0,0.8920486545189673,0.038773244964628056
0.667260665130302,-0.0,0.22662371072363652,0.09595886466161745
0.702880759149461,0.0,0.18713999953202246,0.09952836818393405
0.7200058024956091,-0.0,0.16807320280673052,0.10131994875816049
0.7334682702779295,-0.0,0.15341549345501201,0.10243301424124046
0.733294853226973,0.0,0.15334143056270483,0.10265317850939834
0.06935526596087326,0.0,0.8858422117407992,0.03929155171441479
0.0,-1.7967484371292192e-31,0.0,0.0
0.0,-1.7967484371292192e-31,0.0,0.0
0.0,-1.7967484371292192e-31,0.0,0.0
0.06091993956292531,0.0,0.8951152152257077,0.03851710830641541
0.6618814405078682,0.0,0.23258014168628688,0.09542547532313031
0.6957703485008198,0.0,0.19503239937509778,0.09880617604347802
0.7127846026923771,-0.0,0.17616917196628368,0.10051451239090237
0.7177320348602777,0.0,0.17069285658827796,0.10100348373494347
0.7015509666371068,0.0,0.1886617064619044,0.09935254677395694
0.0,-1.7967484371292192e-31,0.0,0.0
0.0,-1.7967484371292192e-31,0.0,0.0
0.0,-1.7967484371292192e-31,0.0,0.0
0.05457613042129174,0.0,0.9020904628216428,0.03793336779651819
0.0527215027390981,0.0,0.9041290965503768,0.03776324716123353
0.6847734803954144,-0.0,0.20722005695942963,0.09770593247462435
0.03601785709298493,0.0,0.922491706755393,0.03622950372717902
0.6713741339253678,0.0,0.2221972377937872,0.09625213604444194
0.0,-1.7967484371292192e-31,0.0,0.0
0.0,-1.7967484371292192e-31,0.0,0.0
0.0,-1.7967484371292192e-31,0.0,0.0
0.05352025847621034,0.0,0.9032511333399085,0.03783647846464601
0.04640347982023305,0.0,0.9110743744434477,0.03718333452019885
0.05898684233831872,0.0,0.8972403044473516,0.03833960948749487
0.0,-1.7967484371292192e-31,0.0,0.0
0.0,-1.7967484371292192e-31,0.0,0.0
0.0,-1.7967484371292192e-31,0.0,0.0
0.0,-1.7967484371292192e-31,0.0,0.0
0.04350985028430966,0.0,0.9142553775692076,0.036917652119446906
0.04354646950447193,0.0,0.9142151211618916,0.0369210147612548
0.0,-1.3090343775657082e-31,0.0,4.1429808687942456e-5
0.0,-1.7967484371292192e-31,0.0,0.0
0.0,-1.7967484371292192e-31,0.0,0.0
0.0,-1.7967484371292192e-31,0.0,0.0
0.0,-1.7967484371292192e-31,0.0,0.0
0.0,-1.7967484371292192e-31,0.0,0.0
0.0,-1.7967484371292192e-31,0.0,0.0
0.0,-1.7967484371292192e-31,0.0,0.0
0.0,-1.7967484371292192e-31,0.0,0.0
0.0,-1.7967484371292192e-31,0.0,0.0
0.0,-1.7967484371292192e-31,0.0,0.0
0.0,-1.7967484371292192e-31,0.0,0.0
0.0,-1.7967484371292192e-31,0.0,0.0
0.0,-1.7967484371292192e-31,0.0,0.0
0.0,-1.7967484371292192e-31,0.0,0.0
0.0,-1.7967484371292192e-31,0.0,0.0
0.0,-1.7967484371292192e-31,0.0,0.0
0.0,-1.7967484371292192e-31,0.0,0.0
0.0,-1.7967484371292192e-31,0.0,0.0
0.06696865561478088,0.0,0.8884658314885435,0.039072433719273124
0.058518286500671216,0.0,0.8977553996758557,0.03829658333969381
0.020354147021484997,0.0,0.9397133506962335,0.03478920092935024
0.049107589556398906,0.0,0.9081017660725182,0.03743156753322392
0.6714752715199341,0.0,0.2219552932533073,0.09637819009922546
0.6919487218705391,0.0,0.19926388295574787,0.09842735009190297
0.7050072083342579,-0.0,0.18469398688074742,0.09982083088463911
0.721729783725002,0.0,0.1662617835749508,0.10140392808916579
0.7322913144228163,-0.0,0.15453597807216293,0.10247929209882159
0.7414621582575524,0.0,0.14454915887971462,0.10323919066285346
0.7484580854682399,-0.0,0.1366063212294611,0.10410832119614655
0.754069745649949,-0.0,0.13039521919469096,0.10466269627790842
0.7551907136632583,0.0,0.12907039000501208,0.10484845563446893
0.7523057652258439,0.0,0.13226978195845415,0.10455785604308208
0.7321512420248562,0.0,0.15462381460317828,0.10252540106354811
0.06422808192711993,0.0,0.8914785052270603,0.03882087242424213
0.06676656894640431,0.0,0.8886879883730281,0.03905387859425219
0.06045435343779631,0.0,0.8956270354825855,0.03847436416249954
0.04335165782754781,0.0,0.9144292101191188,0.03690319091718549
0.043229627309590415,0.0,0.9145633621446273,0.036891984394871846
0.6677858437409092,0.0,0.22604194981537595,0.09601114553175812
0.6880955439888292,0.0,0.20353470464936785,0.0980414768771368
0.7008803459888645,0.0,0.18932705717828033,0.09935495506961599
0.7172132127636353,0.0,0.1712692461996841,0.10095032762746965
0.7270288184577638,0.0,0.16037170232903844,0.10194961180735011
0.7350180113022647,0.0,0.15169303545329083,0.10259249373268615
0.7400108025632212,0.0,0.14597641595942734,0.10325560843071924
0.7418364094785428,0.0,0.14412502344417363,0.1032849973865838
0.7361851975268138,0.0,0.15034954795074376,0.10275383775508598
0.7056104831290654,-0.0,0.1840431959380353,0.09986530253934284
0.04409406158138199,0.0,0.9136131412133505,0.036971297305353965
0.06536152697130827,0.0,0.8902325676529824,0.03892487476734206
0.05853317974231091,-0.0,0.8977390271529175,0.03829795095048029
0.07082000604924818,0.0,0.8842320046753438,0.03942603744314749
0.04096204920088245,0.0,0.9170562028958731,0.036683725895750766
0.6637247309707107,0.0,0.2305398101578932,0.09560757981550355
0.6836523148602525,0.0,0.20845898824853537,0.09759701207113711
0.6957214996454318,0.0,0.1950449601871497,0.09883839609512615
0.7114153433642098,-0.0,0.17769692554959568,0.10036837264095547
0.7198630505510512,-0.0,0.16831885122972795,0.10122765128033266
0.7254876216572054,0.0,0.16226242570323746,0.10163242948084743
0.7264503887654999,-0.0,0.1611605236514254,0.10175990271497216
0.7185367076593361,0.0,0.16991587609751235,0.10098155453008356
0.6828818845777705,0.0,0.20923504234092663,0.09758938244783906
0.0,-1.7967484371292192e-31,0.0,0.0
0.06399429705595293,0.0,0.8917355174483164,0.038799398691333746
0.05664124367250744,0.0,0.8998203249169859,0.03812291764466849
0.06791810574346999,-0.0,0.8874220927013688,0.03915960469723512
0.03855339907276898,0.0,0.9197041778649249,0.03646246748687032
0.6590166340041559,0.0,0.23575361973663342,0.09514028296048054
0.678331377943208,0.0,0.21435594369791078,0.09706482167245786
0.6891785938488737,0.0,0.20229638269301164,0.09818374825034776
0.7035919987141944,0.0,0.1863691316815925,0.0995840174394076
0.7094399772785477,-0.0,0.17987927581940275,0.10017688060222496
0.7072551984068833,0.0,0.18221573829038432,0.1000340193313655
0.7000660593382807,0.0,0.190369156409199,0.09914885930877346
0.05807584623154258,0.0,0.8982417858463322,0.038255954903339114
0.0,-1.7967484371292192e-31,0.0,0.0
0.0,-1.7967484371292192e-31,0.0,0.0
0.06260191911645553,0.0,0.8932661828636015,0.038671550432329636
0.05465090767789191,0.0,0.9020081900248529,0.03794029592724234
0.06484751867561073,0.0,0.8907975561562337,0.03887774140805248
0.03599450034396755,0.0,0.9225173850088911,0.03622735748342678
0.6533123427949064,0.0,0.2420692415182706,0.09457536732445664
0.6715228844638682,0.0,0.2219006133609668,0.09638465951490377
0.6810113803979786,-0.0,0.21129541964919615,0.09741356242730438
0.6921598803247483,0.0,0.19903737603439367,0.09844176791917596
0.6924070306300972,-0.0,0.1987645594671177,0.09846551735123521
0.6765239839170818,0.0,0.2162766538462214,0.0969575627992091
0.02391248777340838,0.0,0.9358009291758612,0.035116544924141055
0.0,-1.7967484371292192e-31,0.0,0.0
0.06114700129814613,-0.0,0.8948656024181951,0.03853795703311778
0.05249371991558097,0.0,0.9043794891620978,0.037742343779696645
0.0614182100416788,0.0,0.8945674561704857,0.03856286102067544
0.03555953044481573,0.0,0.9229955888482265,0.036187387479299435
0.050285059580737854,0.0,0.9068073979176822,0.037539642750945304
0.6622652920262497,0.0,0.23215664047797646,0.09546216247800256
0.6713802196858544,0.0,0.22205603842974994,0.09637278749202309
0.6720575479322186,0.0,0.22130279173853176,0.09644284454621653
0.6529378476977467,0.0,0.24250246629801436,0.09452167493053726
0.05798989731160805,0.0,0.8983362799977889,0.03824805494060729
0.0,-1.7967484371292192e-31,0.0,0.0
0.0,-1.7967484371292192e-31,0.0,0.0
0.05952540216712281,0.0,0.8966482622301952,0.03838905473616791
0.050075759971641244,0.0,0.9070374757482274,0.037520432755086965
0.05758575458465219,0.0,0.8987821324915911,0.03820953032337557
0.02241046905199413,0.0,0.9374524352315466,0.03497834614425813
0.04034345578738821,0.0,0.9177362554524315,0.03662690617669101
0.05198391183572591,0.0,0.9049399020416473,0.037695558245379256
0.6499295565831386,-0.0,0.24581472392139786,0.09424022350565363
0.0383868801386761,0.0,0.919887244038635,0.03644716941401025
0.049791627339191145,0.0,0.9073498161043965,0.03749435400235717
0.0,-1.7967484371292192e-31,0.0,0.0
0.05764911660937037,0.0,0.8987124834083768,0.03821534292657285
0.04718334493111979,0.0,0.9102170691265665,0.03725492964224116
0.042730570820225716,0.0,0.9151119919433444,0.0368461531173701
0.04334394652474181,0.0,0.9144376873947172,0.036902482763339836
0.03480792718598364,0.0,0.9238219019148707,0.03611831793433311
0.03650660316146166,0.0,0.9219543837756063,0.03627441336988598
0.07016655756318851,0.0,0.8849503470871634,0.03936604230173348
0.0,-1.7967484371292192e-31,0.0,0.0
0.0,-1.7967484371292192e-31,0.0,0.0
0.05529691653325816,0.0,0.9012981294162421,0.037999515165493325
0.04346753656853225,0.0,0.9143018940777006,0.036913766565580985
0.06479063670178396,0.0,0.8908600799128925,0.03887252534384457
0.05829234844886837,0.0,0.8980037874537388,0.03827582852870186
0.06272662846923546,0.0,0.8931290867041428,0.038683002147474936
0.04300509625130752,0.0,0.9148101965357971,0.0368713646207038
0.0,-1.7967484371292192e-31,0.0,0.0
0.0,-1.7967484371292192e-31,0.0,0.0
0.05108373088097862,0.0,0.9059294911789073,0.037612899140121385
0.03664865212210223,0.0,0.9217982168375373,0.03628746553007902
0.057585017807730565,0.0,0.8987828932274423,0.0382095070272379
0.023096688539130855,0.0,0.9366975381386394,0.0350418288965715
0.021745002631227278,0.0,0.9381839492703906,0.034917281920041884
0.0,-1.7967484371292192e-31,0.0,0.0
0.0,-1.7967484371292192e-31,0.0,0.0
0.06477528061394171,-0.0,0.8908769611196468,0.038871115355396654
0.023954025662971334,0.0,0.9357552585773546,0.035120365578413235
0.041120293138587886,0.0,0.916882237447116,0.036698260630579266
0.018706326794016917,0.0,0.9415250649641335,0.03463768050437769
0.0,-1.7967484371292192e-31,0.0,0.0
0.0,-1.7967484371292192e-31,0.0,0.0
0.055697435605942335,0.0,0.9008577981338476,0.03803632130833913
0.04143783439842264,0.0,0.9165331145632724,0.036727457453443184
0.0,-1.7967484371292192e-31,0.0,0.0
0.0,-1.7967484371292192e-31,0.0,0.0
0.0,-1.7967484371292192e-31,0.0,0.0
0.0,-1.7967484371292192e-31,0.0,0.0
0.02655458168482713,0.0,0.9328959778699223,0.035359554330391986
0.0,-1.7967484371292192e-31,0.0,0.0
0.0,-1.7967484371292192e-31,0.0,0.0
0.0,-1.7967484371292192e-31,0.0,0.0
0.0,-1.7967484371292192e-31,0.0,0.0
0.0,-1.7967484371292192e-31,0.0,0.0
0.0,-1.7967484371292192e-31,0.0,0.0
0.0,-1.7967484371292192e-31,0.0,0.0
0.0,-1.7967484371292192e-31,0.0,0.0
0.0,-1.7967484371292192e-31,0.0,0.0
0.0,-1.7967484371292192e-31,0.0,0.0
0.04662396487070417,0.0,0.9108319949075546,0.03720357643181926
0.042739799232839513,0.0,0.9151018468171417,0.0368470006327152
0.04346526764386056,0.0,0.914304388358504,0.03691355821988393
0.04840521746781789,0.0,0.9088739245690176,0.037367049527797395
0.06414829495063176,0.0,0.8915662240616902,0.03881353951606466
0.03544736578657484,0.0,0.9231189024159859,0.03617708025843285
0.04720554111199359,-0.0,0.9101926689398021,0.03725696729374457
0.6599925357807787,0.0,0.23466941703406438,0.09524024764435127
0.6741683523015067,0.0,0.21896846255926347,0.09664950589948311
0.6867629722500627,0.0,0.20501828519019324,0.0979021636703174
0.6927543804383209,0.0,0.19833253729349276,0.09854227256299922
0.7043434312889375,0.0,0.18567654304698225,0.0995340776164586
0.7063031785983318,0.0,0.18349121173775737,0.09974211047858335
0.042792491899460744,0.0,0.9150439198958086,0.03685183977950072
0.6781750118169483,0.0,0.2145022987033901,0.09707323061291491
0.045571466030366964,0.0,0.9119890116308284,0.03710694750735973
0.06935235292158198,0.0,0.8858454144805511,0.03929128389266186
0.04197270679788736,0.0,0.9159451414789254,0.036776550579060825
0.046497992321699044,0.0,0.9109705232677344,0.037191969397157805
0.06117235975905605,0.0,0.8948377244249395,0.03854028634623979
0.023288238444412787,0.0,0.9364873484440233,0.03505907073166272
0.0440964890884349,0.0,0.91361047260694,0.036971520206037
0.6541067719084197,0.0,0.24118862832843177,0.09465497419809439
0.6672299134470727,0.0,0.2266522447825174,0.09596074147941772
0.6782840752691948,-0.0,0.21441213183949476,0.09705672984682942
0.6856709533946117,-0.0,0.20635816087428774,0.09767721594634711
0.6825222298863869,0.0,0.2096975666845504,0.0974963393311875
0.678478614183086,0.0,0.2142559680631544,0.09702312848064619
0.04957372362423129,0.0,0.9075893532366386,0.03747435337523468
0.04458948094825498,0.0,0.9130685178563044,0.03701678729261501
0.0675468027503204,0.0,0.8878302704856282,0.03912551354735796
0.0405319040769815,0.0,0.9175290839119636,0.03664421604244823
0.06444953400252683,0.0,0.891235059434226,0.03884120585447852
0.058127996436939375,0.0,0.8981844639437755,0.03826073638130396
0.02174773786893356,0.0,0.9381810993462473,0.03491739152099813
0.04043271122876769,0.0,0.9176381320149046,0.03663510474291618
0.050691000846124074,0.0,0.9063611576192615,0.03757690024828165
0.6577179643289405,0.0,0.23718496538117506,0.09501747612097056
0.665842977233967,0.0,0.228298326730221,0.09572470998637699
0.6633248633061426,0.0,0.23091269923218322,0.09563032941330586
0.05506039694816634,0.0,0.9015580595901078,0.0379778698991284
0.067606404494865,0.0,0.8877647495061634,0.03913098594358365
0.04359820087051346,-0.0,0.914158251663487,0.03692576505391648
0.06571832506939733,0.0,0.8898403347880882,0.038957634605650084
0.03902891999652062,0.0,0.9191814050154542,0.03650615234117919
0.06152440706064264,0.0,0.8944507032787062,0.03857261984222742
0.05487528840639596,0.0,0.901761613465415,0.037960818349141806
0.020058338908948634,0.0,0.9400385954946167,0.03476198700777384
0.036201625910381306,0.0,0.9222896727414962,0.03624639000576494
0.043692993816611576,0.0,0.9140540435642127,0.03693446952627501
0.048588592651125924,0.0,0.908672291759972,0.03738392795373605
0.04950855417513313,0.0,0.9076609927606165,0.037468371632894994
0.0399533037000721,0.0,0.9181651719765377,0.036591068013865254
0.06248692982844335,0.0,0.8933925836033748,0.03866100020992737
0.04256270834214547,0.0,0.9152965293480921,0.0368307369021249
0.06379029770702233,0.0,0.8919597764213316,0.038780668429011594
0.037364615131516926,0.0,0.9210110983458598,0.03635324927094366
0.05824945073331798,0.0,0.8980509378200761,0.03827189671807383
0.043087919947977935,0.0,0.9147191456657634,0.03687897076810231
0.06811644941309561,0.0,0.8872040512190971,0.039177815541967184
0.0204904069659768,0.0,0.9395635315223531,0.03480173630726608
0.035464226641075715,0.0,0.9231003656239729,0.036178629670667255
0.035141411365530964,0.0,0.9234552685807899,0.036148964463112956
0.04339944767814026,0.0,0.9143766732543225,0.03690757960629544
0.041464474461445376,0.0,0.9165038637292493,0.036729871970598814
0.04146908002544078,0.0,0.916498800626914,0.036730294970990736
0.06331911397022591,0.0,0.8924777577059141,0.038737403613844985
0.035513015211337914,0.0,0.9230467275740027,0.03618311303801934
0.05447516344279853,0.0,0.9022013768001108,0.037924169780115424
0.07027306018940879,0.0,0.8848332677039608,0.039375820629613624
0.06012261949272615,0.0,0.895991726589039,0.03844389512052571
0.06835745012021668,0.0,0.8869391163817387,0.03919994290826321
0.06783569583741261,0.0,0.8875126868647305,0.039152038261059216
0.0503487214642906,0.0,0.9067374696985435,0.03754543738252457
0.05874661714873301,0.0,0.8975043982731749,0.03831754287920551
0.04026403561964743,0.0,0.9178235664930073,0.03661961097346851
0.059506543762639974,0.0,0.8966689926463478,0.038387324016799375
0.03709689409323258,0.0,0.9213054261226368,0.0363286511467122
0.04971636356623369,0.0,0.9074325519832058,0.03748744585530398
0.06369271230694644,0.0,0.8920670458169164,0.03877171528655499
0.07074490154852672,0.0,0.8843145678115849,0.03941914185403395
0.05121700063690286,-0.0,0.9057829954906036,0.03762512694941494
0.05356675112574951,0.0,0.9031999511216835,0.037840812364987875
0.0,-1.7967484371292192e-31,0.0,0.0
0.038797236491485664,0.0,0.9194361103887063,0.03648486840152399
0.056560302038687456,-0.0,0.8999093699372173,0.03811542745756159
0.02385538732150869,0.0,0.93586371072408,0.03511129279933941
0.04393110069897989,0.0,0.9137922874375838,0.036956333668206456
0.05191749511402233,0.0,0.9050129115534759,0.03768946303055764
0.05422535704162882,0.0,0.9024759765126781,0.037901247627540775
0.03795824309590641,0.0,0.920358476499537,0.03640778958200332
0.0,-1.7967484371292192e-31,0.0,0.0
0.03690602464837649,0.0,0.9215152650094094,0.036311113765336245
0.05266781655579727,0.0,0.904188186784177,0.037758252710447304
0.020147195158482123,0.0,0.9399408967959842,0.034770161761637004
0.024174383332360883,0.0,0.9355129772143367,0.03514063384995098
0.035997089324242636,0.0,0.9225145386998178,0.03622759538529397
0.06882070842177841,0.0,0.8864298512651049,0.0392424767116589
0.0,-1.7967484371292192e-31,0.0,0.0
0.024736578517343115,0.0,0.9348948485507058,0.03519234386832908
0.04967715316016834,0.0,0.9074757111786851,0.037483796399591575
0.06434317716711088,0.0,0.8913519868615788,0.038831433407008425
0.06979149937398381,0.0,0.885362654672801,0.03933160488144732
0.06620814419703955,0.0,0.8892327938598065,0.03906485157371909
0.0,-1.7967484371292192e-31,0.0,0.0
0.022301878524561627,0.0,0.937571826789774,0.03496836060291538
0.05583247250477489,0.0,0.9007093596630201,0.0380487114727102
0.04926503922091886,0.0,0.907928739473427,0.03744597006153648
0.021692165549015728,0.0,0.9382419901620584,0.034912469828059324
0.0,-1.7967484371292192e-31,0.0,0.0
0.06637240490232173,0.0,0.8891213387065078,0.03901765139147844
0.026289671313401517,-0.0,0.9331872418384572,0.03533519063785362
0.0,-1.7967484371292192e-31,0.0,0.0
0.0,-1.7967484371292192e-31,0.0,0.0
0.044225659048234,0.0,0.9134678593121899,0.036983934634957
0.0,-1.7967484371292192e-31,0.0,0.0
0.0,-1.7967484371292192e-31,0.0,0.0
0.0,-1.7967484371292192e-31,0.0,0.0
0.0,-1.7967484371292192e-31,0.0,0.0
0.0,-1.7967484371292192e-31,0.0,0.0
0.020974729011242553,0.0,0.9390310183113747,0.03484628865093813
0.061976093428673856,0.0,0.8939541556704492,0.03861409454044301
0.019428674918749275,0.0,0.9407309228009336,0.0347040554577758
0.03669357545457114,0.0,0.9217488286978205,0.03629159327346722
0.05418994781835448,0.0,0.9025149001518642,0.037897998446581184
0.046303154953467214,0.0,0.9111847079978923,0.03717408234724485
0.06227259990901465,0.0,0.8936282087517713,0.03864131273518131
0.04318362861738258,0.0,0.9146139299796519,0.03688776015130943
0.036551346711133435,0.0,0.9219051932304075,0.03627852464532299
0.04451222281490674,0.0,0.9131534489712577,0.037009693478829875
0.0531900853791962,-0.0,0.9036140031867097,0.03780624764114161
0.057348146909601,0.0,0.8990432701639817,0.0381877749422943
0.049230452439643024,0.0,0.9079667573900131,0.03744279783082749
0.7134758529199348,-0.0,0.1753215934033993,0.10065638271936632
0.020513656968770798,0.0,0.9395379668680237,0.034803876156657906
0.06043579467919483,0.0,0.8956474375593686,0.038472659996012695
0.07140990485113491,0.0,0.8835835219432979,0.039480198892009356
0.035345430900031866,0.0,0.9232309694932034,0.0361677130005905
0.05189978278791099,0.0,0.9050323820873137,0.03768783751964805
0.04631041192714899,0.0,0.9111767304012238,0.03717474857852402
0.05877829686518628,0.0,0.8974695719721989,0.03832045192931454
0.042817877270195315,0.0,0.9150160128450429,0.03685417111012119
0.021568922777815747,0.0,0.9383777051515899,0.03490094412237373
0.03580635999809785,0.0,0.9227242254023377,0.03621006918819632
0.04106939847372755,0.0,0.916938188466733,0.036693585966605984
0.04280480660334721,0.0,0.9150303819043994,0.03685297072710114
0.043200915441084974,0.0,0.9145949260134765,0.036889347676061016
0.02006427374153141,0.0,0.940032069106259,0.034762533873386695
0.05889071424354281,0.0,0.8973459804803937,0.03833078232045125
0.06932934564688194,0.0,0.8858707011290954,0.039289176457702656
0.023728460778950227,0.0,0.9360033386271008,0.035099552160153855
0.049473700752914726,0.0,0.9076993064694036,0.03746517251358071
0.06332674454930558,0.0,0.892469360372049,0.038738112278792564
0.05490539347018224,0.0,0.9017285205036897,0.0379635807497192
0.06539638664999066,0.0,0.8901942457118117,0.038928075662366314
0.020234916908536703,0.0,0.9398444455942779,0.034778232052087306
0.02090615652985516,0.0,0.939106415163385,0.034839979604950194
0.02118039791442783,0.0,0.9388048866737765,0.03486520631849881
0.019937280022649856,0.0,0.9401717016078908,0.03475084947207281
0.020091758238015837,0.0,0.9400018498254538,0.034765062160650395
0.057312648278796265,0.0,0.8990822917728389,0.03818451784194067
0.06582838267518887,0.0,0.8897193473838112,0.038967739334801195
0.022706156765567864,0.0,0.9371273324074283,0.03500554027901536
0.04679283017985242,0.0,0.9106463612501403,0.037219079125552744
0.0591730810886069,0.0,0.897035567630545,0.03835671114217425
0.0471459677041458,0.0,0.9102582058311458,0.03725145503435067
0.058227601980067115,0.0,0.8980749649423608,0.03826988298486492
0.0637953044337493,0.0,0.891954272430032,0.03878112815517878
0.059631133317891855,0.0,0.8965320285284012,0.03839876443196971
0.054168859402708526,0.0,0.9025381561053636,0.03789599622534175
0.019612244871862253,0.0,0.9405290831568417,0.034720945566784595
0.05503557616332457,0.0,0.901585343444999,0.03797559270915487
0.06343939766264153,-0.0,0.8923455277579714,0.03874844805574256
0.02383062101199749,0.0,0.9358909411166473,0.0351090147758003
0.040738893740368785,0.0,0.9173015291645775,0.036663228710173947
0.054210547456599006,0.0,0.9024922559687446,0.03789988868847345
0.060351667190931366,0.0,0.8957399207109864,0.03846493509600443
0.048501167126158845,0.0,0.9087684484686857,0.03737585694967831
0.06503988324218209,0.0,0.8905861458436423,0.038895350786883304
0.049540763572375156,0.0,0.9076255855798371,0.0374713280617385
0.07228140392117811,0.0,0.882625231010055,0.03956043317419346
0.053099587437819604,0.0,0.9037134833494518,0.037797943313504674
0.060682127719584145,0.0,0.8953766477448424,0.03849527076241268
0.021431086703681546,0.0,0.9385292551328759,0.03488826570984511
0.03728207249493474,-0.0,0.9211018441938437,0.03634566534095499
0.04795964207680781,0.0,0.9093636903251627,0.03732619334722273
0.05022857533599433,0.0,0.9068694896086011,0.03753445852342324
0.0489893046119218,0.0,0.9082317948205647,0.037420710106103455
0.03577357713198824,0.0,0.9227602667242354,0.036207056728661736
0.07020797911713078,0.0,0.8849045967532497,0.03937003925418865
0.05082049813277637,0.0,0.9062188044395268,0.03758878584520906
0.05739048326130491,0.0,0.8989967827076087,0.03819161394041731
0.043657723455603314,0.0,0.9140928170666546,0.03693123081066323
0.0365963217781985,-0.0,0.9218557481739471,0.03628265717898519
0.039923428436701304,0.0,0.9181980156164166,0.03658832371686657
0.03938188689064819,0.0,0.9187933654933239,0.03653857733931774
0.06823905396471498,0.0,0.8870692706970799,0.03918907236203372
0.060466701841957606,0.0,0.8956133452383985,0.03847560201678454
0.048019992545663616,0.0,0.9092973475584305,0.03733173336201193
0.020405314038870664,0.0,0.9396570920183874,0.034793908120271985
0.06613162168554951,0.0,0.8893859927679448,0.03899558154659643
0.0203396308150245,0.0,0.939729311424637,0.03478786548285016
0.043002059722307986,0.0,0.9148135346952412,0.03687108575877286
0.04928785233275648,-0.0,0.9079036565389743,0.03744806845435821
0.05717449778243122,0.0,0.8992325520251195,0.03817328472016079
0.04442835913315795,0.0,0.9132456417049195,0.037001993116290155
0.048526242754839036,0.0,0.9087408788345849,0.03737816261613224
0.05595220935798274,0.0,0.9005778114505303,0.03805963310667727
0.054868858466645486,0.0,0.9017686659521776,0.037960242422679494
0.04844707636982706,0.0,0.9088278588445818,0.03737093765845921
0.053047338289074944,0.0,0.9037712813072857,0.03779282170563583
0.0395926112773317,0.0,0.9185617029265125,0.03655793490577515
0.053846999375562116,0.0,0.9028918873500804,0.0378665286275843
0.0560361002124817,0.0,0.9004855234282103,0.0380673948806415
0.020324279653819114,-0.0,0.9397461892404387,0.03478645408384735
0.04565750219189545,0.0,0.9118949082322111,0.037114416845052456
0.02364522747877239,0.0,0.9360948491361272,0.03509189986099716
0.026911155574714365,0.0,0.9325039329045332,0.03539234708119314
0.0,-1.7967484371292192e-31,0.0,0.0
0.04415892833687172,0.0,0.9135411490910496,0.0369778690769709
0.0587335112472683,0.0,0.8975185527549883,0.03831656755781413
0.0,-1.7967484371292192e-31,0.0,0.0
0.024780452721802942,0.0,0.9348476563064064,0.03519543518288117
0.0,-1.7967484371292192e-31,0.0,0.0
0.0,-1.7967484371292192e-31,0.0,0.0
0.05894569448629337,0.0,0.8972855665298857,0.03833580647323157
0.043023051491010544,0.0,0.9147904577248309,0.03687301355929627
0.020122646851455362,0.0,0.9399678879933334,0.034767903334280356
0.06909896795388705,0.0,0.8861239631283582,0.03926801979092864
0.034982850300887026,0.0,0.9236295908829061,0.03613439313270194
0.04263001579552475,0.0,0.9152225357559366,0.03683691833537501
0.05746754813313122,0.0,0.8989120200767079,0.03819872959621131
0.04826635078652602,0.0,0.9090265788608698,0.03735430255632836
0.05498176271494791,0.0,0.901644571706553,0.03797058827180611
0.06359215859923473,0.0,0.8921775941048535,0.03876247537379808
0.04347613344581412,0.0,0.9142924433021276,0.03691455600879696
0.03655328092846125,-0.0,0.9219030667744145,0.03627870237118786
0.02373519343906929,0.0,0.9359959362927923,0.035100171272343626
0.05779920913703077,0.0,0.8985475761009739,0.03822904152202712
0.041957911180406704,0.0,0.9159614069085225,0.036775191717011976
0.050152924439728144,0.0,0.9069527061667058,0.03752746516056494
0.06698119386437659,0.0,0.8884520480449959,0.03907358491505391
0.023208455824611923,0.0,0.9365750671314241,0.035051733861391626
0.040668943596618795,0.0,0.9173784290388042,0.0366568036000412
0.054459532555340695,0.0,0.9022185587723452,0.03792273574968272
0.04535640701965138,0.0,0.9122254697517794,0.03708716457304189
0.053686747214873806,0.0,0.9030681197170699,0.037851756195529856
0.05753118355227181,0.0,0.898842118944423,0.038204523594599124
0.06319640899640086,0.0,0.8926126485295507,0.03872613764345953
0.06430198334501244,0.0,0.8913972718904373,0.038827651042076264
0.05663053050593174,0.0,0.8998321996541848,0.03812184602744301
0.04090061991046288,0.0,0.9171237352146292,0.03667808356973713
0.048712130434406385,-0.0,0.9085365351990401,0.03739522558572541
0.06475176637740412,0.0,0.8909028181454786,0.03886894959583836
0.023459500055984257,0.0,0.9362990515427198,0.035074819810029516
0.040788313822679625,0.0,0.9172471990944754,0.03666776805390981
0.04996843021770307,0.0,0.9071554607741334,0.03751058168611196
0.05674159475529676,0.0,0.8997100150800883,0.03813212482602888
0.04753888866471615,0.0,0.9098262704054557,0.03728752478482401
0.04848242892187202,0.0,0.9087890471072363,0.03737413693395414
0.04791645656893955,0.0,0.9094112134930791,0.037322184232476165
0.05555914843504053,0.0,0.9010083326594938,0.0380249638908991
0.0397789629583045,0.0,0.9183568351312988,0.036575053252308094
0.04716403948372183,0.0,0.9102383349656776,0.037253118221700854
0.062310151844641004,0.0,0.8935869271774581,0.038644760825575414
0.022236811742743244,0.0,0.9376433685763144,0.03496237453780865
0.037767692502977804,0.0,0.9205679633978336,0.03639028281235422
0.04593900029521612,0.0,0.91158497862725,0.037140691323814826
0.053848839600466644,0.0,0.9028898641927838,0.0378666977473096
0.054127229256962055,0.0,0.9025838437827537,0.03789224319026502
0.060007527257871306,0.0,0.8961182414119145,0.03843333461561553
0.052900329676084094,0.0,0.9039321840978204,0.03777995994246403
0.03854563702829482,0.0,0.9197127112163658,0.03646175440619084
0.060447945580228736,0.0,0.8956340797888015,0.038473775759194966
0.05901419961913143,0.0,0.8972102382414417,0.038342114110889114
0.04293857575485004,0.0,0.9148833247893932,0.0368652556489667
0.03521551381274357,0.0,0.9233738003032673,0.03615577420548458
0.04125852979539343,0.0,0.9167302683882542,0.036710956439948726
0.041486523526320124,0.0,0.9164796241751065,0.03673189710685404
0.04532427034800408,0.0,0.9122607541531513,0.03708425342443732
0.05147932828582141,0.0,0.905494324181234,0.037649475338390935
0.03763968829326225,0.0,0.9207086884394241,0.036378522301954264
0.05771881233498332,0.0,0.8986358216916047,0.03822178205005029
0.056828442443261545,0.0,0.8996145996609741,0.03814004714935834
0.06958462287911947,0.0,0.8855900734457232,0.03931261325711794
0.02044057204345435,0.0,0.9396183254913344,0.03479715171579317
0.02403141765336004,0.0,0.9356701667006783,0.03512748405827686
0.02107364760231027,0.0,0.9389222585588506,0.03485538675611112
0.0486585550052037,0.0,0.9085953466523952,0.03739038282990517
0.02576915933274286,0.0,0.9337595362138182,0.03528731823514783
0.054256978860554646,0.0,0.9024412166196962,0.03790414887948645
0.023168231397502997,0.0,0.9366192927631907,0.03504803476050682
0.06252183739003218,0.0,0.8933542181412145,0.038664197287889925
0.06880972936992223,0.0,0.8864419204975115,0.0392414688240267
0.06123214984972935,0.0,0.8947719959410758,0.038545776453740715
0.04667926141413408,0.0,0.9107711677082936,0.03720868872272162
0.024285586313005182,0.0,0.9353907103444509,0.0351508623182263
0.035807144955063125,0.0,0.922723376278455,0.03621012882857436
0.06348147327985698,0.0,0.8922992644256247,0.038752319435924415
0.04911671679949016,0.0,0.9080917848358129,0.037432358279597955
0.046585828067164686,0.0,0.9108739655381501,0.03720003305999192
0.044169471161321396,0.0,0.9135301993277476,0.03697826007281043
0.02237320056174373,0.0,0.9374934101213207,0.03497491956981574
0.044157123111864656,0.0,0.9135438164503576,0.03697708777662627
0.038122726338006126,0.0,0.9201776661780652,0.03642288452949581
0.03468223866175757,0.0,0.9239600961863191,0.03610675659296767
0.04076146965363042,0.0,0.9172766729729471,0.03666533599648963
0.01963898599899879,0.0,0.9404996804397594,0.034723406169929735
0.02579348642227519,0.0,0.9337327889382142,0.03528955567704249
0.036927978987127304,0.0,0.9214911287372115,0.036313130977797245
0.03593638672856528,0.0,0.9225812422212758,0.03622204675045506
0.06068007174640882,0.0,0.8953786501595554,0.03849531426486528
0.06078199984697607,0.0,0.8952665827761358,0.03850468777389537
0.02851677761195856,0.0,0.9307385846378057,0.03554001262837187
0.035796057131616606,0.0,0.9227355095953543,0.03620916096674442
0.056447190369273696,0.0,0.89989023088814,0.038234353420507454
0.043844159403654964,0.0,0.9138878181466612,0.03694839154863856
0.023704283051208867,0.0,0.9360299195153918,0.035097330404972066
0.05190946927749529,0.0,0.9050217343333757,0.03768872624078487
0.020317441333096674,0.0,0.9397537090070087,0.03478582411548641
0.0703330329326242,0.0,0.8847673378026324,0.03938132805761273
0.022673474027727684,0.0,0.9371632663718763,0.03500253453385583
0.03789756163617864,0.0,0.9204251882512196,0.03640221452702412
0.04932752237300032,0.0,0.907859997688087,0.0374517550416641
0.05888112260458914,0.0,0.8973565247718838,0.038329901582477455
0.06424094170699143,-0.0,0.8914643682549231,0.03882205320210957
0.05746760550507972,0.0,0.8989120062528867,0.0381986904818272
0.05549178272771972,0.0,0.9010839335425046,0.03801738627241083
0.04293319755880092,0.0,0.9148891975652382,0.03686479748807628
0.023136665459600275,0.0,0.9366539975390489,0.035045132890026795
0.05047839226174306,0.0,0.9065948724761387,0.0375573869540805
0.04822412658767791,0.0,0.9090729953678481,0.03735042666850058
0.06655012157596235,0.0,0.8889259314128205,0.03903400560350579
0.022528158490245823,0.0,0.9373230378742116,0.03498917005952823
0.03577216222932582,0.0,0.9227618222615103,0.03620692671122597
0.043349391712131084,0.0,0.9144317013440393,0.03690298280023677
0.05450927368119336,0.0,0.902163880977871,0.03792729984949825
0.057351395828902675,0.0,0.899039698839641,0.0381880730161687
0.06179750921552394,-0.0,0.8941504766901198,0.0385976966712704
0.042033976847630855,0.0,0.9158777450642774,0.03678221357427587
0.022554515563456758,0.0,0.9372940578063941,0.03499159498368648
0.04897294856464585,0.0,0.9082497747741965,0.037419208766098784
0.04660054322947697,0.0,0.9108577891378856,0.03720138400510177
0.06394793619772758,0.0,0.8917864827134979,0.03879514186755371
0.020285461518343276,0.0,0.9397888711848724,0.034782882052050705
0.03570257854529964,0.0,0.922838322259127,0.0362005325435154
0.042144742177127686,0.0,0.9157560158629633,0.036792350741847266
0.044861830837182655,0.0,0.9127691195405522,0.0370417940698159
0.04771282056048312,0.0,0.9096350192811495,0.0373035356666099
0.04109662805796478,0.0,0.9169082154133072,0.03669612145848378
0.02193536165955578,0.0,0.9379748071630042,0.034934650295592326
0.0473299321963751,0.0,0.9100559263088701,0.037268386569014426
0.048857802661818044,0.0,0.9083764073508225,0.03740859032358792
0.057195900666270824,0.0,0.8992106946541847,0.03817374379665082
0.04320016284562369,0.0,0.9145957533663422,0.036889278561691274
0.021576954455409813,0.0,0.9383688743753648,0.03490168288366977
0.034962919283605065,0.0,0.9236515030917896,0.03613256151294951
0.042502058823704274,0.0,0.9153632036054534,0.03682516694209165
0.04009682112704027,0.0,0.918007356254096,0.03660428605903738
0.021250802631589495,0.0,0.9387274753581515,0.03487168383288315
0.03251130886178521,0.0,0.926346845340356,0.0359072310607776
0.04654557471516234,0.0,0.9109182113842278,0.03719634180626907
0.05712513032988881,0.0,0.8992884687728372,0.03816726812871659
0.06377981166763273,0.0,0.8919713038885729,0.038779705617449686
0.042909374754919884,0.0,0.9149154264571668,0.03686257393771797
0.02295498000380886,0.0,0.9368537570550958,0.035028423509917285
0.03894736982819165,0.0,0.9192710210404508,0.0364986945147652
0.020460362620746377,0.0,0.939596564423654,0.03479897338964952
0.04279100257435446,0.0,0.9150455571424728,0.036851703023316966
0.05813606144087953,0.0,0.8981755896716763,0.038261484367051235
0.049291117426514264,0.0,0.9079000695464997,0.03744836611003238
0.05665180593333505,0.0,0.8998087628498924,0.03812384312364004
0.06765669092778946,0.0,0.8877094656558843,0.039135606031823394
0.03758827008712457,0.0,0.9207651808696422,0.03637383032294824
0.019435644128153864,0.0,0.9407232591789941,0.034704697415579674
0.04069425246629894,0.0,0.917350605672355,0.03665912828297492
0.04031684899066898,0.0,0.9177655279896951,0.03662444217948215
0.04644030751316365,0.0,0.9110339362297031,0.03718667359810327
0.04636781926630888,0.0,0.9111136185920036,0.0371800223927079
0.03591157315538511,0.0,0.9226085221748647,0.03621976656976341
0.06936497192753165,0.0,0.8858311743566329,0.039292774001864365
0.026779168118265972,-0.0,0.9326490500090117,0.035380208815387115
0.04564496281076386,0.0,0.9119082160210312,0.03711369542025336
0.035222657673477355,0.0,0.9233659591084297,0.03615641918664075
0.024201464005356384,0.0,0.9354831681298729,0.035143155467544845
0.06388306120810724,-0.0,0.8918575308520238,0.03878942841252675
0.024399798820041934,0.0,0.9352651349561543,0.03516136721082766
0.036832174793233426,0.0,0.9215964544535742,0.03630432826501753
0.031825171714231916,0.0,0.9271013328572977,0.03584404409064629
0.05617478138188385,0.0,0.9003313403433915,0.03808168640345069
0.07128417665070215,-0.0,0.8837217441565446,0.039468648229789675
0.026689703441700383,0.0,0.9327473977408531,0.035371996115914565
0.04495770838596752,-0.0,0.9126631095909646,0.03705114757039896
0.020250602992380882,0.0,0.9398269456676491,0.034779903198035624
0.035612732586383075,0.0,0.9229370644310025,0.036192307166607256
0.07177817886903251,0.0,0.8831782836154423,0.03951436360295011
0.041172835299444856,0.0,0.9168244764917703,0.03670308550049636
0.057140555543506874,0.0,0.899271462424278,0.03816872876468181
0.054587093769960834,-0.0,0.9020784096375635,0.03793437534159939
0.06568011287612233,-0.0,0.8898823419277019,0.038954126134765635
0.02143575160645721,0.0,0.9385241260946621,0.034888694799788116
0.03481457470019562,0.0,0.9238145936114861,0.03611892883646868
0.04101068506626195,0.0,0.917002735042959,0.036688193128686604
0.04737638577745701,0.0,0.9100048600839161,0.037272651059436133
0.05248726774155936,0.0,0.904386581903052,0.03774175156046191
0.03488328495711154,0.0,0.9237390209151148,0.036125272446190966
0.07023949736515002,-0.0,0.8848697910788427,0.03937307482183667
0.028649190131628255,0.0,0.9305930195444281,0.035552172512916376
0.05484776773414422,0.0,0.9017917913861859,0.037958359919334266
0.023251853135820323,0.0,0.936527353033479,0.035055724717457104
0.06500461549472888,0.0,0.8906249249272478,0.03889210472235382
0.04316639603684566,0.0,0.9146328743166695,0.03688617760602418
0.03511785563855757,0.0,0.9234811657712688,0.0361467997699892
0.03763308632459908,0.0,0.9207159464943289,0.03637791574483962
0.04185697691494694,0.0,0.9160723682656229,0.0367659215329924
0.03413840547620668,0.0,0.9245579483884615,0.036056814870042864
0.06863097828015825,0.0,0.886638068406424,0.039225376945435264
0.027828680772442497,-0.0,0.9314951398323048,0.03547672364055365
0.05292592090549832,0.0,0.9039043875596982,0.037782006588985236
0.04927115829890029,0.0,0.9079220101866511,0.03744653415197184
0.06113717497316358,0.0,0.8948764046572077,0.03853705478921432
0.01932087180169005,-0.0,0.9408494548420405,0.03469413669283729
0.020842826287124312,0.0,0.9391760469299154,0.03483415389823552
0.023388159895862667,0.0,0.936377487822613,0.03506825946618152
0.03335084345443722,0.0,0.9254238071636387,0.035984429393661
0.06688747804217277,0.0,0.8885547289192579,0.039065288612244356
0.03712323653708676,0.0,0.921276465668576,0.0363310715156318
0.05026857004862205,0.0,0.9068255242714279,0.03753812946355379
0.04912917215027908,0.0,0.9080780965860853,0.037433498210224576
0.05440830612150944,0.0,0.9022749438222866,0.03791796818548005
0.06279866068669979,0.0,0.8930499003854624,0.038689616191077525
0.06981880076880051,0.0,0.8853326395849478,0.039334113664409504
0.03248044471767052,0.0,0.9263807452192302,0.035904423768906256
0.059067951249628846,0.0,0.8971510269264805,0.0383471588303156
0.025877420745755067,0.0,0.9336405043762005,0.03529727540246407
0.03502296317241804,0.0,0.9235855030643222,0.03613806827098535
0.04467638049155941,0.0,0.9129730263420596,0.03702473161889225
0.04969571588592356,0.0,0.9074553029509004,0.037485502551442985
0.05582978559453872,0.0,0.9007123850848158,0.03804840018053122
0.02182219739943248,0.0,0.9380991052463897,0.034924354310166966
0.06384455128040828,0.0,0.8919000374216408,0.03878573749405045
0.02463343882254293,0.0,0.9350082498251348,0.03518285713037188
0.034438755520984216,0.0,0.9242277828476481,0.036084380348628195
0.0385351715464204,0.0,0.9197242360266845,0.03646077549234415
0.06355615599592868,0.0,0.8922171644677824,0.03875917675661685
0.04590638175843934,-0.0,0.9525167369076089,0.0
0.030305464779689116,0.0,0.9287720018538397,0.03570447634771395
0.059592422983074066,0.0,0.8965743264018351,0.0383954417170804
0.023016118520706827,0.0,0.9367865355402668,0.03503404719059887
0.04126144750838217,0.0,0.9167270608126703,0.036711224421800984
0.048699062182294584,0.0,0.9085508540690858,0.03739406827455724
0.04736444470989318,0.0,0.9510612693185887,0.0
0.02979819410905873,0.0,0.9293298238818305,0.03565774415147629
0.055971401478418635,0.0,0.9005550112409942,0.03806292925043619
0.021333394752068708,0.0,0.9386366659502903,0.03487928066343104
0.035877038064862796,0.0,0.9226465223137565,0.036216563858331226
0.02692751245421979,-0.0,0.9324859322875719,0.0353938663261727
0.047076468648422666,0.0,0.9103345204949137,0.03724515188043054
0.06583544062806845,0.0,0.8897116056061802,0.038968371939201545
0.07037766216241609,0.0,0.885977151368358,0.03825086365587881
0.04486954758499378,0.0,0.9127610444723302,0.03704213476568935
0.021321797646949053,-0.0,0.9386482589086305,0.034879258218183176
0.029852621607465723,0.0,0.9292698795270038,0.0356628420916349
0.060469377451936535,0.0,0.8956102716551005,0.038475966863228454
0.024324300621511943,0.0,0.935348144420943,0.03515442310621825
0.04638549407622824,0.0,0.9110941461827627,0.03718168332957144
0.060785035682928014,-0.0,0.895263509424805,0.038504728616321295
0.05641757877668494,0.0,0.9000662666549094,0.03810232387730483
0.06222525996687684,0.0,0.8936802504480985,0.03863696591310579
0.01928157674191123,0.0,0.9408926607130418,0.03469052119412464
0.022443616878036237,0.0,0.9374159897967038,0.034981394767638084
0.03896567877908591,-0.0,0.9192509303217522,0.03650034263949175
0.029238309249557934,0.0,0.9299452884251189,0.035606358602299534
0.05309173848762375,0.0,0.9037223516130588,0.037797006509482756
0.02371305842197154,-0.0,0.9360202713606778,0.03509813729329446
0.045573427638035784,0.0,0.9119868552192509,0.03710712760744366
0.05866741619869553,0.0,0.8975914576428963,0.03831027749717379
0.0498728766177241,0.0,0.9072605541329919,0.03750176317843041
0.06309901905452142,0.0,0.8927197119297587,0.0387171944486081
0.06859290243033564,0.0,0.8866802806086459,0.03922156116719261
0.02044437181463645,0.0,0.9396141476094918,0.03479750127558204
0.028602012801993867,0.0,0.9306448711976136,0.035547850713760966
0.052015936995939406,0.0,0.9049050139834718,0.03769821240802632
0.023031077914403127,0.0,0.936770088266871,0.035035422734477996
0.03143540714495684,0.0,0.9275297223467014,0.035808332393598874
0.020188701609466866,0.0,0.939895259952453,0.03477398026903069
0.047273367967951334,0.0,0.9101181554360251,0.03726315036318439
0.05563288583239238,0.0,0.9009288050572497,0.038030352661412685
0.0627145744126876,0.0,0.8931423387338886,0.038681894626736
0.027918990134731668,0.0,0.9313958311597462,0.035485043074708206
0.05756144478348788,0.0,0.8988071574845525,0.0382088295603619
0.02226428308458756,0.0,0.9376131623061473,0.03496490292017613
0.030282593882832685,-0.0,0.9287971702164708,0.03570235287323379
0.053283726164122074,0.0,0.9035110681723133,0.037814840427479506
0.047091270133891396,0.0,0.9103183374185979,0.03724643122993665
0.057594557635671416,-0.0,0.8987724543998048,0.03821033929242932
0.02811258206009952,0.0,0.9311830568411538,0.035502778763248186
0.054382030195346806,0.0,0.9023022566010349,0.03791697306008491
0.02129713141202231,0.0,0.9386765370619965,0.034875945297762875
0.03014986737636549,-0.0,0.9289430958702184,0.03569015029741096
0.03439650512778827,0.0,0.9242742329481164,0.03608049769857905
0.05851416795090068,0.0,0.897759927277621,0.03829620516631333
0.027105314440694136,0.0,0.9322905107559291,0.035410157007000835
0.05112135893672909,0.0,0.9058880399267419,0.037616431747947196
0.020241917534164877,0.0,0.9398367471002059,0.03477887719687507
0.03694162517939965,0.0,0.9214761263149748,0.03631438482164994
0.03143584528223683,0.0,0.9275292406849275,0.035808372632902166
0.026238191029074053,0.0,0.9332438997790684,0.03533040521763858
0.04964949073106004,0.0,0.9075049350222871,0.03748232537925182
0.07247629484365119,0.0,0.8824109790716267,0.03957833248662362
0.023389646274709183,0.0,0.9363758536350844,0.03506839611581978
0.023897290583170555,0.0,0.935817599243211,0.03511518237223569
0.046524116740889535,0.0,0.9109407663965011,0.03719530367333511
0.06305024343370436,0.0,0.8927733210222796,0.03871272559938467
0.022124032751633636,0.0,0.9377671357692766,0.03495221074447559
0.04151055525296331,0.0,0.9164559933238561,0.03673159070992717
0.019595061798382704,0.0,0.9405478831069432,0.034719448670670186
0.02563288392404119,0.0,0.9339093458598382,0.035274805417492124
0.04511928303639958,0.0,0.9124865618146515,0.037065015295941556
0.020673722059307464,0.0,0.9393619765248972,0.03481859896217623
0.03972123899699712,0.0,0.9184202946010209,0.036569750713150447
0.036844871947460105,0.0,0.9215825112906028,0.03630548057363005
0.06324473161324377,0.0,0.8925595186417443,0.03873058183056802
0.05219642826674083,0.0,0.9047063408471083,0.0377150158752876
0.061387688362073325,0.0,0.8946010092701678,0.038560058440506764
0.06879522791058464,0.0,0.8864578689996413,0.03924013117864261
0.025098068938467725,0.0,0.9344973634801363,0.035225619925975185
0.04975151616408466,0.0,0.9073938741528755,0.037490704201700684
0.020147835435699042,0.0,0.9399401918062519,0.034770221565115195
0.027565029942734916,0.0,0.9317850156879232,0.03545247876224343
0.04939846889282773,0.0,0.9077820074501824,0.03745826712959628
0.06047949156467872,0.0,0.8955994005931449,0.03847667244591604
0.049583974004241325,0.0,0.9075781339678517,0.03747525026666418
0.056755521363479625,0.0,0.8996947549003723,0.038133358884075375
0.024539433571946098,0.0,0.9351115703377172,0.03517424440069029
0.05092416144609875,0.0,0.9061037437978899,0.03759929731065507
0.01996709092243486,0.0,0.9401389234403011,0.034753592666200595
0.02648133280515743,0.0,0.9329765135169529,0.03535281776933547
0.04714151567430419,0.0,0.9102630518999881,0.03725108962579967
0.05721628590335294,0.0,0.8991882161500326,0.03817567745106736
0.05254845092152462,0.0,0.904319426191342,0.03774727566738966
0.02480300022364308,-0.0,0.9348225775163717,0.03519776878559288
0.04937560461669245,0.0,0.9078061502915915,0.03745706209793846
0.0714229422916877,0.0,0.8835688045155317,0.03948174300752287
0.02691402259745764,0.0,0.9325007806771344,0.035392610750769264
0.03332970654148674,0.0,0.9254470829103997,0.035982452895558556
0.04199407246547391,0.0,0.9159216808428717,0.03677848804099845
0.0239975597123237,-0.0,0.935708153497667,0.03512368424954246
0.04562634423104889,0.0,0.9119286416874394,0.037112023764946246
0.06885454845751046,0.0,0.886392179028998,0.03924600856393023
0.02326526800154832,0.0,0.9365126037517164,0.03505695838044781
0.03275621483207732,0.0,0.9260775897347854,0.03592974231302987
0.023354653395646296,0.0,0.9364149863574891,0.035064583823516335
0.044767986714601936,0.0,0.9128714835458567,0.03703389880310888
0.06662251631700732,0.0,0.8888462225487431,0.03904076467755607
0.021402963745796484,0.0,0.9385601764071163,0.034885678690973095
0.020796144955516828,0.0,0.9392271373665543,0.03483007236785523
0.04263996442178515,0.0,0.9152109746220596,0.03683839473323626
0.058442050478327505,0.0,0.8978418708867616,0.03828718282885597
0.020610241497674896,-0.0,0.9394312226182883,0.03481325627855877
0.037872549190826284,0.0,0.9204527168509591,0.03639988902220415
0.01846020325022553,0.0,0.9417956369500753,0.03461507713359336
0.022436689252156614,0.0,0.9374233531103066,0.034980986219051755
0.04463353864283996,0.0,0.9130200411426393,0.03702087175617293
0.0683085135678873,0.0,0.8869925577902673,0.039195769793606096
0.024582994689971233,0.0,0.9350637128373455,0.03517821722306891
0.03227825782044133,0.0,0.9266030675535324,0.035885809299593195
0.054146761862270895,0.0,0.9025623726328688,0.037894035434031775
0.04506502360301513,0.0,0.9125457901167935,0.037060411787705944
0.05199766612399397,-0.0,0.904924857871335,0.037696752527102265
0.02176912500660556,0.0,0.9381574636849723,0.03491946752687661
0.04361744054168286,0.0,0.9141370595889009,0.03692756912847003
0.06650947262209474,0.0,0.8889702741536439,0.039030582620149204
0.023899536593015733,0.0,0.9358151686353084,0.03511535391502683
0.04228953397621872,0.0,0.9155968404317738,0.03680564861393648
0.05164891807456012,0.0,0.9053081483779989,0.037664815322406335
0.04205267504239466,0.0,0.9158572563490761,0.03678387047882095
0.02126341281698891,-0.0,0.9387134074720632,0.03487302685950271
0.04254709229953053,0.0,0.9153136543835408,0.03682934084200677
0.06473843595941277,0.0,0.890917218938298,0.038867954092208515
0.024063357259368298,-0.0,0.9356350491653407,0.03513042202258108
0.029633350091656265,0.0,0.9295109797123302,0.035642662062452604
0.038688835833588245,0.0,0.9195553035701948,0.03647489109060322
0.020930238101341033,0.0,0.9390796965239491,0.03484241208768432
0.041286126783815845,0.0,0.9166998909754773,0.03671352608649378
0.0628385301330385,0.0,0.8930057304242478,0.038693584102827513
0.022574459590332007,-0.0,0.9372721307298892,0.03499342832641967
0.030219153642505856,0.0,0.9288669192846014,0.03569652037777072
0.07896727991177518,0.0,0.8754964093169237,0.03997515076948787
0.04079349905200854,0.0,0.9172409637572915,0.03666872657744744
0.0581475750887495,0.0,0.8981629272231005,0.03826254632418438
0.02282271614343586,0.0,0.9369991536403939,0.03501628180321837
0.019542666825868634,0.0,0.9406053877170183,0.03471472249470942
0.036721811312987386,0.0,0.9217163592549117,0.03629547449357127
0.05459975926066602,0.0,0.9020651416916178,0.03793494754967157
0.01896491574121742,0.0,0.9412403943661041,0.03466178485993451
0.03544261580612041,0.0,0.9231241573618512,0.036176614168126606
0.06896981649892583,0.0,0.8868128985345369,0.03876327109666653
0.0197298896354538,0.0,0.9403996298710241,0.03473186013544768
0.03967836278289229,0.0,0.9184673954786184,0.03656584414838258
0.06072054315607958,0.0,0.8953341497808516,0.03849903887249949
0.021704838713885677,0.0,0.9382282649085582,0.03491344721653168
0.03839890085765837,0.0,0.9198740287961032,0.036448273761755516
0.047652095505150684,0.0,0.9097017739261187,0.037297961176174864
0.056335157699303695,0.0,0.9001567871709346,0.038094833829158736
0.07589972772955966,0.0,0.8788576122465492,0.03970339926576483
0.0388026779926132,-0.0,0.919430088419162,0.03648540413635283
0.05930199560810061,0.0,0.8968935979925323,0.038368774890222494
0.021283900947554606,0.0,0.9386910841941574,0.034874728054404225
0.036821735051391885,-0.0,0.9216079317586892,0.03630336903078795
0.03569105489185718,-0.0,0.9228510061582431,0.036199460230780786
0.019075694151293763,0.0,0.9411188264512723,0.03467176496911968
0.037773607654580627,0.0,0.9205614254029219,0.036390857831929
0.05788350135182698,-0.0,0.8984529588422591,0.038238541670634715
0.01948753083304932,0.0,0.9406662089128909,0.03470947107571589
0.02797866149639035,0.0,0.931330241199702,0.03549051516599702
0.0725169707114387,0.0,0.8825689884796201,0.03939940487297572
0.03752112147037122,0.0,0.9208376350434752,0.03636889388833879
0.053846395604372835,0.0,0.9028925258995879,0.037866495889589985
0.021181703309336622,0.0,0.9388034421932677,0.03486533469331356
0.06832667980508758,0.0,0.8868687306424635,0.039291017550796205
0.034237070549718356,0.0,0.9244479965437817,0.036067215654620316
0.0510858939142393,0.0,0.9059275213820581,0.03761272995008989
0.016439926053431336,0.0,0.9440169139541438,0.03442925335343821
0.03363449911880803,0.0,0.9251119648738372,0.036010488287875814
0.06431178070739385,0.0,0.892171683734521,0.03812089521984298
0.06753994536364134,-0.0,0.8877859887053213,0.039171577452948934
0.03571445249302617,0.0,0.9228252336728239,0.036201654693850234
0.05478347348670986,0.0,0.9018609349235751,0.037953840983249824
0.07092645204705593,0.0,0.8841145674066438,0.03943618912495929
0.023963329135734686,0.0,0.9357450294773191,0.03512122131290311
0.04175545240375903,0.0,0.9161839785759496,0.03675659707415767
0.06629182011204975,0.0,0.889143210905511,0.039070368931247164
0.034346167004113796,0.0,0.9243295361727266,0.03607590655541573
0.05192166862356733,0.0,0.9050071503066177,0.037690903703505974
0.07147632853807921,0.0,0.883510244032487,0.03948652964115968
0.022909286260909968,0.0,0.9369039961782033,0.035024221322521774
0.06726896453264933,0.0,0.8883238007191325,0.038930504909258146
0.031606059404893964,0.0,0.9273422269648949,0.03582390671513799
0.05012849004572003,0.0,0.906979489088831,0.037525292097068494
0.019746682830625577,0.0,0.9403812651593512,0.03473331524529956
0.06364937045078127,0.0,0.892006610982338,0.0388651296828096
0.0337166045424869,0.0,0.9250230569730394,0.03601680833352978
0.05468784110534605,0.0,0.9019601971023113,0.03795034881895969
0.01496614092505825,0.0,0.9456365924176037,0.03429435851211961
0.031585243452537826,0.0,0.9273649756342244,0.03582211678576449
0.05951095122295986,-0.0,0.8965831340117747,0.03846073698575299
0.0618153298313551,0.0,0.8940637808198567,0.03865980521752037
0.03238857588006249,0.0,0.926481750921306,0.03589597679646837
0.04628355998775438,0.0,0.9112062633742682,0.037172270243702024
0.06480064322673236,0.0,0.8908490687510556,0.03887345388810174
0.021440071223002566,0.0,0.9385193753858462,0.03488909331179752
0.0612745631116993,0.0,0.894591737745568,0.03867009392896562
0.028479133875701102,0.0,0.9307799718093787,0.0355365518258015
0.0497467498233866,0.0,0.9073996562559068,0.03748977767620966
0.06237814074870545,0.0,0.893512155334448,0.03865103101623196
0.05963865198601346,-0.0,0.8964099183018567,0.03850204942721955
0.030583630980194718,0.0,0.9284661802653623,0.035730043838288296
0.045705523194572564,0.0,0.9118420887396427,0.03711885246038776
0.012028683313450889,0.0,0.9488671265445648,0.03402342765300836
0.029744948921597465,-0.0,0.9293882715033925,0.03565293239944701
0.05632419241959769,0.0,0.9000891494413079,0.03816564845361022
0.05743307428869232,0.0,0.8988245984144259,0.03830850355277252
0.02770312427334401,0.0,0.9316331676922082,0.035465193542367816
0.04659809513540663,0.0,0.9108610047307532,0.03720068655966683
0.05883897754372439,0.0,0.897402798207987,0.03832608351294798
0.05615351262667752,0.0,0.9002419241374847,0.03818139024959345
0.028753048281575946,-0.0,0.9304788216233516,0.03556173135295227
0.04313867688231357,0.0,0.9146635494086904,0.03688344946612997
0.05465558804500522,0.0,0.9019051472984911,0.0380289568105157
0.028095151684683996,0.0,0.9312021706466289,0.0355012212948305
0.0558642249186333,0.0,0.9008511078766551,0.03789241052607565
0.050983310897556575,0.0,0.9059112478478542,0.03771962037915825
0.027139310380476702,0.0,0.9322530677785651,0.03541334228140843
0.046693082138177286,0.0,0.910754187311038,0.03721156858482285
0.05308037643009078,0.0,0.9041596135859946,0.037413084840442985
0.026636924789010277,0.0,0.9328054965525827,0.0353670792588351
0.013266192417210632,0.0,0.9475063534282002,0.03413738222359267
0.050201808756053075,0.0,0.9072606310316543,0.03720594640032333
0.02900019090866367,0.0,0.930201758021701,0.03558927129764502
0.012737105823956605,0.0,0.948088153519845,0.0340886501926933
0.04633021203305099,0.0,0.9111514573853723,0.03717972734086984
